ciudad,pais,latitud,longitud,temperatura,sensacion_termica,humedad,velocidad_viento,descripcion,fecha_extraccion,codigo_tiempo
Cali,Colombia,3.437,-76.523,20.6,20.4,61,14,Partly cloudy,2026-04-04 16:58:35,116
Cartagena,Colombia,10.400,-75.514,32.1,30.9,86,29,Sunny,2026-03-21 21:46:35,113
Cali,Colombia,3.437,-76.523,22.5,23.1,71,8,Overcast,2026-03-24 18:10:35,122
Medellin,Colombia,6.291,-75.536,24.7,24.7,61,12,Clear,2026-03-26 09:46:35,113
Cali,Colombia,3.437,-76.523,31.7,31.9,53,9,Sunny,2026-03-19 04:58:35,113
Cartagena,Colombia,10.400,-75.514,31.6,31.4,81,18,Patchy rain nearby,2026-03-24 03:46:35,176
Barranquilla,Colombia,10.964,-74.796,30.5,29.1,79,30,Patchy rain nearby,2026-03-22 22:58:35,176
Cartagena,Colombia,10.400,-75.514,33.8,33.1,81,23,Sunny,2026-03-18 14:34:35,113
Medellin,Colombia,6.291,-75.536,19.9,20.7,84,9,Patchy rain nearby,2026-04-01 16:58:35,176
Cali,Colombia,3.437,-76.523,24.4,23.7,70,21,Sunny,2026-03-22 12:10:35,113
Barranquilla,Colombia,10.964,-74.796,29.4,29.3,69,15,Clear,2026-03-19 19:22:35,113
Bogota,Colombia,4.600,-74.083,11.8,11.7,66,14,Sunny,2026-03-21 18:10:35,113
Barranquilla,Colombia,10.964,-74.796,31.1,30.2,72,23,Partly cloudy,2026-03-27 14:34:35,116
Barranquilla,Colombia,10.964,-74.796,31.9,30.5,67,27,Partly cloudy,2026-03-17 09:46:35,116
Bogota,Colombia,4.600,-74.083,8.8,7.9,67,22,Patchy rain nearby,2026-03-22 01:22:35,176
Medellin,Colombia,6.291,-75.536,27.4,28.3,74,6,Light rain,2026-03-14 09:46:35,296
Cali,Colombia,3.437,-76.523,31.5,31.0,65,18,Partly cloudy,2026-04-07 09:46:35,116
Cali,Colombia,3.437,-76.523,27.3,27.7,69,10,Patchy rain nearby,2026-03-28 08:34:35,176
Cali,Colombia,3.437,-76.523,20.7,20.7,73,15,Clear,2026-03-26 16:58:35,113
Cali,Colombia,3.437,-76.523,20.2,20.4,71,12,Overcast,2026-04-08 07:22:35,122
Cartagena,Colombia,10.400,-75.514,29.9,28.2,76,32,Light rain,2026-04-03 19:22:35,296
Barranquilla,Colombia,10.964,-74.796,25.5,25.6,85,16,Sunny,2026-04-08 00:10:35,113
Cartagena,Colombia,10.400,-75.514,32.4,31.5,87,26,Sunny,2026-03-26 02:34:35,113
Medellin,Colombia,6.291,-75.536,16.2,15.4,59,20,Clear,2026-03-16 15:46:35,113
Barranquilla,Colombia,10.964,-74.796,28.0,26.4,81,32,Sunny,2026-03-15 03:46:35,113
Cartagena,Colombia,10.400,-75.514,25.7,24.9,61,20,Sunny,2026-03-18 03:46:35,113
Cartagena,Colombia,10.400,-75.514,23.9,23.3,86,23,Light rain,2026-03-27 07:22:35,296
Medellin,Colombia,6.291,-75.536,26.5,26.5,65,13,Overcast,2026-03-20 16:58:35,122
Bogota,Colombia,4.600,-74.083,13.5,13.7,91,16,Light rain,2026-03-29 16:58:35,296
Cali,Colombia,3.437,-76.523,26.4,27.3,74,6,Overcast,2026-04-01 20:34:35,122
Barranquilla,Colombia,10.964,-74.796,24.4,23.4,69,24,Light rain,2026-04-06 22:58:35,296
Bogota,Colombia,4.600,-74.083,9.4,9.2,91,20,Light rain,2026-03-16 19:22:35,296
Bogota,Colombia,4.600,-74.083,9.9,10.4,86,12,Partly cloudy,2026-03-26 02:34:35,116
Bogota,Colombia,4.600,-74.083,15.3,16.3,76,5,Overcast,2026-04-05 10:58:35,122
Medellin,Colombia,6.291,-75.536,21.0,21.6,79,10,Light rain,2026-03-26 13:22:35,296
Barranquilla,Colombia,10.964,-74.796,26.2,26.3,80,15,Light rain,2026-03-16 01:22:35,296
Barranquilla,Colombia,10.964,-74.796,33.7,31.8,59,31,Overcast,2026-04-07 20:34:35,122
Barranquilla,Colombia,10.964,-74.796,32.1,31.2,61,21,Overcast,2026-03-16 12:10:35,122
Medellin,Colombia,6.291,-75.536,23.1,23.6,70,9,Clear,2026-03-29 20:34:35,113
Bogota,Colombia,4.600,-74.083,8.1,9.4,93,6,Light rain,2026-04-05 21:46:35,296
Bogota,Colombia,4.600,-74.083,12.3,11.6,77,22,Partly cloudy,2026-03-19 22:58:35,116
Cali,Colombia,3.437,-76.523,28.2,29.0,74,7,Patchy rain nearby,2026-03-24 07:22:35,176
Barranquilla,Colombia,10.964,-74.796,25.9,24.3,77,31,Light rain,2026-04-06 08:34:35,296
Barranquilla,Colombia,10.964,-74.796,30.9,30.1,85,25,Light rain,2026-03-24 07:22:35,296
Cali,Colombia,3.437,-76.523,29.5,29.1,67,17,Clear,2026-03-28 04:58:35,113
Medellin,Colombia,6.291,-75.536,21.6,21.0,73,21,Partly cloudy,2026-04-08 03:46:35,116
Cali,Colombia,3.437,-76.523,31.0,30.9,76,16,Partly cloudy,2026-03-23 16:58:35,116
Barranquilla,Colombia,10.964,-74.796,31.4,30.7,64,20,Patchy rain nearby,2026-04-08 14:34:35,176
Barranquilla,Colombia,10.964,-74.796,29.0,27.7,80,29,Sunny,2026-03-13 22:58:35,113
Cartagena,Colombia,10.400,-75.514,28.3,26.7,67,29,Sunny,2026-03-17 16:58:35,113
Cali,Colombia,3.437,-76.523,30.7,31.8,64,2,Partly cloudy,2026-04-09 22:58:35,116
Cali,Colombia,3.437,-76.523,24.4,24.9,59,7,Partly cloudy,2026-03-14 09:46:35,116
Cartagena,Colombia,10.400,-75.514,28.1,27.1,63,23,Sunny,2026-03-31 01:22:35,113
Cali,Colombia,3.437,-76.523,25.3,26.0,64,6,Sunny,2026-03-18 21:46:35,113
Cali,Colombia,3.437,-76.523,20.3,19.5,64,21,Sunny,2026-03-22 19:22:35,113
Barranquilla,Colombia,10.964,-74.796,26.7,25.7,79,26,Light rain,2026-03-17 20:34:35,296
Barranquilla,Colombia,10.964,-74.796,31.3,29.7,58,28,Light rain,2026-03-31 19:22:35,296
Cartagena,Colombia,10.400,-75.514,23.1,21.7,89,32,Overcast,2026-03-24 14:34:35,122
Cali,Colombia,3.437,-76.523,20.9,21.4,78,11,Clear,2026-04-08 21:46:35,113
Cartagena,Colombia,10.400,-75.514,30.1,29.6,83,22,Light rain,2026-04-07 06:10:35,296
Barranquilla,Colombia,10.964,-74.796,25.2,23.8,59,26,Sunny,2026-03-13 15:46:35,113
Cali,Colombia,3.437,-76.523,21.9,21.1,55,19,Partly cloudy,2026-04-02 00:10:35,116
Cartagena,Colombia,10.400,-75.514,24.6,24.3,89,21,Overcast,2026-03-21 10:58:35,122
Barranquilla,Colombia,10.964,-74.796,25.1,24.8,67,16,Light rain,2026-03-27 00:10:35,296
Bogota,Colombia,4.600,-74.083,12.8,11.8,71,24,Sunny,2026-03-16 01:22:35,113
Medellin,Colombia,6.291,-75.536,20.7,21.8,72,3,Overcast,2026-03-30 00:10:35,122
Barranquilla,Colombia,10.964,-74.796,29.8,27.8,65,33,Partly cloudy,2026-03-18 07:22:35,116
Barranquilla,Colombia,10.964,-74.796,33.0,32.7,65,16,Clear,2026-03-29 16:58:35,113
Cali,Colombia,3.437,-76.523,24.4,24.6,74,13,Sunny,2026-03-16 01:22:35,113
Bogota,Colombia,4.600,-74.083,15.0,15.1,79,15,Patchy rain nearby,2026-04-06 12:10:35,176
Medellin,Colombia,6.291,-75.536,20.0,20.5,77,10,Overcast,2026-03-15 14:34:35,122
Cali,Colombia,3.437,-76.523,27.4,27.3,63,14,Partly cloudy,2026-03-13 08:34:35,116
Bogota,Colombia,4.600,-74.083,16.8,17.7,93,10,Sunny,2026-04-04 20:34:35,113
Cartagena,Colombia,10.400,-75.514,30.6,28.8,72,32,Patchy rain nearby,2026-03-28 12:10:35,176
Bogota,Colombia,4.600,-74.083,18.7,19.5,78,8,Clear,2026-04-04 16:58:35,113
Medellin,Colombia,6.291,-75.536,25.2,26.2,75,5,Partly cloudy,2026-03-20 02:34:35,116
Cali,Colombia,3.437,-76.523,23.7,23.3,76,19,Light rain,2026-03-22 15:46:35,296
Barranquilla,Colombia,10.964,-74.796,34.6,32.7,66,32,Overcast,2026-03-26 20:34:35,122
Cartagena,Colombia,10.400,-75.514,32.8,31.9,62,21,Sunny,2026-04-05 00:10:35,113
Cartagena,Colombia,10.400,-75.514,31.0,31.1,79,15,Sunny,2026-04-04 06:10:35,113
Cartagena,Colombia,10.400,-75.514,24.8,24.4,77,19,Light rain,2026-03-19 08:34:35,296
Cartagena,Colombia,10.400,-75.514,35.0,33.7,74,28,Clear,2026-03-29 16:58:35,113
Barranquilla,Colombia,10.964,-74.796,30.6,30.6,86,17,Light rain,2026-03-23 02:34:35,296
Cartagena,Colombia,10.400,-75.514,23.7,22.7,82,26,Partly cloudy,2026-03-17 20:34:35,116
Cali,Colombia,3.437,-76.523,28.6,28.0,64,19,Patchy rain nearby,2026-03-30 18:10:35,176
Medellin,Colombia,6.291,-75.536,26.8,27.9,74,4,Overcast,2026-03-23 09:46:35,122
Medellin,Colombia,6.291,-75.536,25.3,24.6,61,19,Clear,2026-03-19 19:22:35,113
Barranquilla,Colombia,10.964,-74.796,33.9,32.7,79,28,Patchy rain nearby,2026-03-24 21:46:35,176
Bogota,Colombia,4.600,-74.083,9.3,9.4,93,18,Clear,2026-03-24 18:10:35,113
Bogota,Colombia,4.600,-74.083,13.5,14.0,72,9,Sunny,2026-03-15 18:10:35,113
Medellin,Colombia,6.291,-75.536,26.5,26.4,65,14,Clear,2026-04-03 22:58:35,113
Barranquilla,Colombia,10.964,-74.796,35.3,33.9,59,26,Partly cloudy,2026-04-07 13:22:35,116
Barranquilla,Colombia,10.964,-74.796,29.1,27.8,69,27,Sunny,2026-03-30 21:46:35,113
Barranquilla,Colombia,10.964,-74.796,31.1,30.4,72,21,Partly cloudy,2026-03-18 03:46:35,116
Barranquilla,Colombia,10.964,-74.796,29.3,29.2,79,17,Partly cloudy,2026-03-13 08:34:35,116
Bogota,Colombia,4.600,-74.083,17.7,18.5,70,6,Patchy rain nearby,2026-03-19 19:22:35,176
Barranquilla,Colombia,10.964,-74.796,28.4,28.3,84,18,Sunny,2026-03-15 21:46:35,113
Cali,Colombia,3.437,-76.523,30.5,29.9,55,17,Light rain,2026-04-04 20:34:35,296
Cartagena,Colombia,10.400,-75.514,28.6,28.2,62,16,Partly cloudy,2026-04-01 13:22:35,116
Cartagena,Colombia,10.400,-75.514,26.2,25.1,72,25,Clear,2026-03-21 14:34:35,113
Bogota,Colombia,4.600,-74.083,9.9,11.2,93,6,Clear,2026-03-21 21:46:35,113
Cali,Colombia,3.437,-76.523,23.6,24.8,71,2,Light rain,2026-03-28 22:58:35,296
Barranquilla,Colombia,10.964,-74.796,25.6,23.6,66,33,Clear,2026-03-15 07:22:35,113
Cali,Colombia,3.437,-76.523,31.2,31.5,59,9,Sunny,2026-03-22 01:22:35,113
Medellin,Colombia,6.291,-75.536,18.6,19.0,67,9,Overcast,2026-03-28 22:58:35,122
Bogota,Colombia,4.600,-74.083,10.9,10.7,72,16,Partly cloudy,2026-03-18 00:10:35,116
Medellin,Colombia,6.291,-75.536,22.9,22.6,72,17,Patchy rain nearby,2026-03-30 21:46:35,176
Cali,Colombia,3.437,-76.523,26.2,25.7,52,15,Clear,2026-03-28 12:10:35,113
Barranquilla,Colombia,10.964,-74.796,31.2,30.3,66,22,Overcast,2026-03-13 19:22:35,122
Cartagena,Colombia,10.400,-75.514,31.1,30.8,84,20,Partly cloudy,2026-03-24 10:58:35,116
Medellin,Colombia,6.291,-75.536,21.5,20.6,58,21,Sunny,2026-04-08 18:10:35,113
Cali,Colombia,3.437,-76.523,27.4,27.6,57,9,Patchy rain nearby,2026-04-08 18:10:35,176
Cartagena,Colombia,10.400,-75.514,32.1,30.8,88,31,Sunny,2026-03-20 02:34:35,113
Cartagena,Colombia,10.400,-75.514,27.3,26.3,73,25,Light rain,2026-04-02 03:46:35,296
Barranquilla,Colombia,10.964,-74.796,33.3,31.5,64,31,Sunny,2026-03-23 13:22:35,113
Medellin,Colombia,6.291,-75.536,20.7,20.0,72,21,Overcast,2026-04-04 06:10:35,122
Medellin,Colombia,6.291,-75.536,21.0,21.9,77,6,Patchy rain nearby,2026-03-22 19:22:35,176
Medellin,Colombia,6.291,-75.536,27.3,27.1,78,18,Overcast,2026-03-30 03:46:35,122
Cartagena,Colombia,10.400,-75.514,30.9,31.0,81,15,Light rain,2026-04-06 04:58:35,296
Cartagena,Colombia,10.400,-75.514,27.4,26.9,61,17,Patchy rain nearby,2026-04-05 21:46:35,176
Bogota,Colombia,4.600,-74.083,17.4,17.6,75,13,Overcast,2026-04-04 06:10:35,122
Medellin,Colombia,6.291,-75.536,27.8,27.6,62,14,Patchy rain nearby,2026-03-14 16:58:35,176
Medellin,Colombia,6.291,-75.536,23.3,23.0,66,16,Patchy rain nearby,2026-03-18 07:22:35,176
Barranquilla,Colombia,10.964,-74.796,31.7,31.6,77,16,Sunny,2026-03-28 08:34:35,113
Cali,Colombia,3.437,-76.523,30.7,30.6,54,12,Overcast,2026-03-27 18:10:35,122
Cartagena,Colombia,10.400,-75.514,26.2,25.8,79,20,Overcast,2026-03-17 09:46:35,122
Bogota,Colombia,4.600,-74.083,11.3,12.0,72,7,Clear,2026-04-06 19:22:35,113
Cali,Colombia,3.437,-76.523,28.1,29.1,58,2,Partly cloudy,2026-03-20 13:22:35,116
Cartagena,Colombia,10.400,-75.514,23.6,23.5,82,17,Patchy rain nearby,2026-04-11 03:46:35,176
Cartagena,Colombia,10.400,-75.514,34.7,32.9,63,31,Partly cloudy,2026-04-03 08:34:35,116
Bogota,Colombia,4.600,-74.083,12.2,11.6,81,22,Sunny,2026-03-25 08:34:35,113
Bogota,Colombia,4.600,-74.083,20.0,20.4,81,12,Patchy rain nearby,2026-04-06 15:46:35,176
Cartagena,Colombia,10.400,-75.514,34.0,33.2,62,20,Patchy rain nearby,2026-03-19 12:10:35,176
Cartagena,Colombia,10.400,-75.514,33.7,33.0,82,23,Partly cloudy,2026-03-28 19:22:35,116
Bogota,Colombia,4.600,-74.083,8.5,8.0,67,18,Sunny,2026-03-22 08:34:35,113
Barranquilla,Colombia,10.964,-74.796,32.4,31.9,79,21,Overcast,2026-04-05 14:34:35,122
Bogota,Colombia,4.600,-74.083,15.8,16.7,83,8,Light rain,2026-03-14 20:34:35,296
Barranquilla,Colombia,10.964,-74.796,30.1,29.0,84,28,Sunny,2026-03-16 22:58:35,113
Cali,Colombia,3.437,-76.523,21.8,22.1,54,8,Light rain,2026-03-17 02:34:35,296
Barranquilla,Colombia,10.964,-74.796,24.7,24.5,86,19,Patchy rain nearby,2026-04-10 02:34:35,176
Bogota,Colombia,4.600,-74.083,19.8,19.4,90,22,Patchy rain nearby,2026-03-14 09:46:35,176
Barranquilla,Colombia,10.964,-74.796,34.0,32.1,59,31,Patchy rain nearby,2026-03-16 08:34:35,176
Cartagena,Colombia,10.400,-75.514,31.3,29.9,68,28,Partly cloudy,2026-04-10 06:10:35,116
Barranquilla,Colombia,10.964,-74.796,30.3,29.2,76,26,Sunny,2026-03-20 09:46:35,113
Medellin,Colombia,6.291,-75.536,23.8,24.9,78,5,Overcast,2026-04-07 20:34:35,122
Bogota,Colombia,4.600,-74.083,15.1,16.2,84,6,Patchy rain nearby,2026-04-02 00:10:35,176
Medellin,Colombia,6.291,-75.536,25.8,26.3,84,12,Patchy rain nearby,2026-03-12 14:34:35,176
Cali,Colombia,3.437,-76.523,23.7,23.7,62,12,Light rain,2026-03-29 06:10:35,296
Cartagena,Colombia,10.400,-75.514,28.4,28.0,85,21,Partly cloudy,2026-04-05 03:46:35,116
Bogota,Colombia,4.600,-74.083,14.5,14.5,78,16,Patchy rain nearby,2026-04-10 16:58:35,176
Cali,Colombia,3.437,-76.523,21.2,22.0,56,3,Sunny,2026-04-11 03:46:35,113
Cali,Colombia,3.437,-76.523,22.4,23.2,54,3,Clear,2026-03-15 00:10:35,113
Cali,Colombia,3.437,-76.523,20.1,20.5,65,9,Sunny,2026-04-07 20:34:35,113
Medellin,Colombia,6.291,-75.536,18.3,17.6,58,19,Patchy rain nearby,2026-03-23 13:22:35,176
Cali,Colombia,3.437,-76.523,27.8,28.2,76,11,Light rain,2026-03-26 09:46:35,296
Cartagena,Colombia,10.400,-75.514,30.5,30.7,77,13,Partly cloudy,2026-03-30 10:58:35,116
Medellin,Colombia,6.291,-75.536,16.2,16.9,78,9,Light rain,2026-04-09 19:22:35,296
Bogota,Colombia,4.600,-74.083,10.0,9.8,67,15,Light rain,2026-03-29 02:34:35,296
Cali,Colombia,3.437,-76.523,27.7,26.8,59,21,Partly cloudy,2026-04-09 15:46:35,116
Cali,Colombia,3.437,-76.523,30.2,29.9,57,14,Sunny,2026-03-17 09:46:35,113
Cartagena,Colombia,10.400,-75.514,24.4,24.6,80,14,Clear,2026-04-02 18:10:35,113
Bogota,Colombia,4.600,-74.083,10.7,11.1,69,10,Clear,2026-04-10 02:34:35,113
Bogota,Colombia,4.600,-74.083,11.4,11.2,85,19,Sunny,2026-03-21 07:22:35,113
Cali,Colombia,3.437,-76.523,29.2,29.3,64,12,Patchy rain nearby,2026-03-19 22:58:35,176
Bogota,Colombia,4.600,-74.083,12.5,11.5,69,24,Sunny,2026-03-17 13:22:35,113
Medellin,Colombia,6.291,-75.536,23.9,24.0,81,15,Sunny,2026-04-05 10:58:35,113
Medellin,Colombia,6.291,-75.536,26.6,26.7,69,13,Sunny,2026-03-17 06:10:35,113
Medellin,Colombia,6.291,-75.536,25.6,25.2,73,19,Overcast,2026-03-31 04:58:35,122
Cali,Colombia,3.437,-76.523,23.4,23.8,79,12,Patchy rain nearby,2026-03-27 14:34:35,176
Medellin,Colombia,6.291,-75.536,19.9,19.9,73,15,Light rain,2026-03-22 01:22:35,296
Medellin,Colombia,6.291,-75.536,20.8,19.9,57,20,Light rain,2026-03-31 12:10:35,296
Medellin,Colombia,6.291,-75.536,20.3,20.9,67,7,Patchy rain nearby,2026-03-18 00:10:35,176
Bogota,Colombia,4.600,-74.083,11.6,11.0,71,20,Sunny,2026-03-28 15:46:35,113
Barranquilla,Colombia,10.964,-74.796,30.5,29.3,62,24,Light rain,2026-03-22 12:10:35,296
Medellin,Colombia,6.291,-75.536,19.5,19.9,76,11,Patchy rain nearby,2026-03-14 13:22:35,176
Cartagena,Colombia,10.400,-75.514,23.9,23.8,80,17,Light rain,2026-03-19 04:58:35,296
Cali,Colombia,3.437,-76.523,20.6,20.5,58,13,Light rain,2026-03-20 09:46:35,296
Cartagena,Colombia,10.400,-75.514,27.7,27.0,76,22,Partly cloudy,2026-03-16 15:46:35,116
Cartagena,Colombia,10.400,-75.514,32.6,32.5,61,13,Overcast,2026-03-15 10:58:35,122
Cali,Colombia,3.437,-76.523,31.5,31.0,64,18,Light rain,2026-03-18 14:34:35,296
Cartagena,Colombia,10.400,-75.514,35.0,34.2,67,21,Patchy rain nearby,2026-03-25 15:46:35,176
Cali,Colombia,3.437,-76.523,29.8,29.6,78,18,Overcast,2026-03-25 04:58:35,122
Cartagena,Colombia,10.400,-75.514,33.2,32.0,70,26,Patchy rain nearby,2026-04-01 16:58:35,176
Cartagena,Colombia,10.400,-75.514,28.9,27.2,73,32,Patchy rain nearby,2026-03-22 22:58:35,176
Bogota,Colombia,4.600,-74.083,13.6,14.7,87,6,Overcast,2026-04-02 14:34:35,122
Medellin,Colombia,6.291,-75.536,18.5,18.7,79,14,Sunny,2026-03-24 00:10:35,113
Bogota,Colombia,4.600,-74.083,14.3,15.3,93,9,Light rain,2026-03-22 12:10:35,296
Barranquilla,Colombia,10.964,-74.796,25.7,24.0,60,29,Overcast,2026-03-28 22:58:35,122
Barranquilla,Colombia,10.964,-74.796,29.2,27.6,57,27,Clear,2026-03-19 15:46:35,113
Barranquilla,Colombia,10.964,-74.796,32.4,31.9,60,17,Overcast,2026-03-24 18:10:35,122
Cartagena,Colombia,10.400,-75.514,31.7,30.1,76,31,Light rain,2026-03-26 13:22:35,296
Bogota,Colombia,4.600,-74.083,12.8,13.9,86,6,Light rain,2026-04-03 19:22:35,296
Medellin,Colombia,6.291,-75.536,24.1,23.7,56,15,Overcast,2026-04-03 12:10:35,122
Bogota,Colombia,4.600,-74.083,13.6,14.8,91,6,Sunny,2026-03-20 13:22:35,113
Barranquilla,Colombia,10.964,-74.796,32.8,31.9,60,21,Overcast,2026-03-28 01:22:35,122
Cali,Colombia,3.437,-76.523,22.4,22.5,65,12,Partly cloudy,2026-03-21 14:34:35,116
Medellin,Colombia,6.291,-75.536,19.9,19.3,55,17,Clear,2026-03-30 07:22:35,113
Cali,Colombia,3.437,-76.523,20.5,20.6,63,12,Partly cloudy,2026-04-02 14:34:35,116
Cali,Colombia,3.437,-76.523,26.1,26.6,53,6,Clear,2026-03-15 18:10:35,113
Cartagena,Colombia,10.400,-75.514,25.0,25.0,68,14,Partly cloudy,2026-03-17 02:34:35,116
Cali,Colombia,3.437,-76.523,24.9,25.6,58,5,Sunny,2026-04-03 19:22:35,113
Cartagena,Colombia,10.400,-75.514,31.7,30.4,88,31,Patchy rain nearby,2026-03-13 15:46:35,176
Medellin,Colombia,6.291,-75.536,26.8,27.4,74,9,Patchy rain nearby,2026-03-20 06:10:35,176
Barranquilla,Colombia,10.964,-74.796,32.8,31.3,73,30,Clear,2026-04-03 22:58:35,113
Medellin,Colombia,6.291,-75.536,17.0,18.2,74,3,Light rain,2026-04-03 01:22:35,296
Cartagena,Colombia,10.400,-75.514,28.7,28.1,68,20,Overcast,2026-03-21 00:10:35,122
Barranquilla,Colombia,10.964,-74.796,29.9,28.8,58,23,Patchy rain nearby,2026-03-14 09:46:35,176
Barranquilla,Colombia,10.964,-74.796,33.3,31.3,57,31,Overcast,2026-04-01 13:22:35,122
Cartagena,Colombia,10.400,-75.514,32.3,31.0,85,30,Partly cloudy,2026-03-12 14:34:35,116
Barranquilla,Colombia,10.964,-74.796,35.9,35.3,80,22,Sunny,2026-04-09 04:58:35,113
Bogota,Colombia,4.600,-74.083,15.2,15.1,89,19,Sunny,2026-03-13 19:22:35,113
Cartagena,Colombia,10.400,-75.514,26.8,25.8,81,26,Light rain,2026-04-03 15:46:35,296
Medellin,Colombia,6.291,-75.536,16.8,16.3,57,16,Overcast,2026-04-03 15:46:35,122
Cartagena,Colombia,10.400,-75.514,33.2,32.4,83,25,Clear,2026-04-02 14:34:35,113
Medellin,Colombia,6.291,-75.536,23.4,24.6,74,3,Light rain,2026-03-28 04:58:35,296
Medellin,Colombia,6.291,-75.536,27.9,27.5,71,18,Partly cloudy,2026-03-24 10:58:35,116
Bogota,Colombia,4.600,-74.083,11.3,11.8,84,12,Overcast,2026-03-14 13:22:35,122
Medellin,Colombia,6.291,-75.536,22.8,22.4,60,16,Sunny,2026-04-09 04:58:35,113
Medellin,Colombia,6.291,-75.536,26.3,26.7,66,9,Light rain,2026-03-17 02:34:35,296
Cali,Colombia,3.437,-76.523,30.6,30.7,77,14,Patchy rain nearby,2026-04-03 08:34:35,176
Bogota,Colombia,4.600,-74.083,12.9,12.3,79,22,Partly cloudy,2026-03-21 00:10:35,116
Bogota,Colombia,4.600,-74.083,16.8,16.9,70,13,Light rain,2026-03-27 18:10:35,296
Barranquilla,Colombia,10.964,-74.796,24.2,22.2,63,33,Patchy rain nearby,2026-03-30 14:34:35,176
Barranquilla,Colombia,10.964,-74.796,28.6,27.1,62,27,Light rain,2026-03-21 07:22:35,296
Medellin,Colombia,6.291,-75.536,27.3,28.2,84,8,Patchy rain nearby,2026-03-18 21:46:35,176
Medellin,Colombia,6.291,-75.536,21.9,21.6,77,18,Patchy rain nearby,2026-04-01 09:46:35,176
Bogota,Colombia,4.600,-74.083,11.4,11.8,73,11,Sunny,2026-03-31 08:34:35,113
Barranquilla,Colombia,10.964,-74.796,31.2,29.3,63,32,Clear,2026-04-06 12:10:35,113
Cali,Colombia,3.437,-76.523,22.1,21.5,68,20,Overcast,2026-03-17 20:34:35,122
Medellin,Colombia,6.291,-75.536,18.6,19.3,81,9,Clear,2026-03-24 03:46:35,113
Medellin,Colombia,6.291,-75.536,16.5,15.5,55,21,Overcast,2026-03-30 18:10:35,122
Barranquilla,Colombia,10.964,-74.796,25.2,24.7,76,20,Light rain,2026-04-09 22:58:35,296
Medellin,Colombia,6.291,-75.536,24.3,23.8,74,20,Light rain,2026-03-16 22:58:35,296
Medellin,Colombia,6.291,-75.536,22.9,23.8,84,8,Light rain,2026-03-19 08:34:35,296
Medellin,Colombia,6.291,-75.536,21.3,21.4,68,13,Clear,2026-04-03 04:58:35,113
Cartagena,Colombia,10.400,-75.514,24.3,24.3,78,16,Patchy rain nearby,2026-04-06 19:22:35,176
Cartagena,Colombia,10.400,-75.514,27.8,26.4,73,29,Light rain,2026-04-02 10:58:35,296
Medellin,Colombia,6.291,-75.536,20.3,21.0,65,6,Clear,2026-04-04 20:34:35,113
Cartagena,Colombia,10.400,-75.514,25.1,25.1,86,17,Partly cloudy,2026-03-22 08:34:35,116
Barranquilla,Colombia,10.964,-74.796,34.2,32.9,76,28,Clear,2026-03-19 01:22:35,113
Bogota,Colombia,4.600,-74.083,11.9,12.4,78,11,Patchy rain nearby,2026-04-02 07:22:35,176
Cali,Colombia,3.437,-76.523,27.8,29.0,71,2,Overcast,2026-03-28 01:22:35,122
Cali,Colombia,3.437,-76.523,31.8,31.1,64,20,Partly cloudy,2026-03-28 15:46:35,116
Cali,Colombia,3.437,-76.523,29.2,29.2,70,14,Overcast,2026-03-29 09:46:35,122
Barranquilla,Colombia,10.964,-74.796,25.0,24.5,59,17,Patchy rain nearby,2026-04-05 03:46:35,176
Barranquilla,Colombia,10.964,-74.796,25.6,25.0,81,22,Light rain,2026-04-07 09:46:35,296
Cali,Colombia,3.437,-76.523,24.9,25.0,61,11,Light rain,2026-04-09 08:34:35,296
Cali,Colombia,3.437,-76.523,22.7,23.6,59,3,Sunny,2026-04-03 04:58:35,113
Cartagena,Colombia,10.400,-75.514,26.8,26.0,81,24,Sunny,2026-03-13 04:58:35,113
Bogota,Colombia,4.600,-74.083,11.8,12.3,84,12,Light rain,2026-03-15 14:34:35,296
Cartagena,Colombia,10.400,-75.514,24.3,22.3,61,32,Light rain,2026-03-24 21:46:35,296
Bogota,Colombia,4.600,-74.083,19.4,20.2,91,10,Sunny,2026-03-17 02:34:35,113
Bogota,Colombia,4.600,-74.083,19.7,21.0,90,5,Light rain,2026-03-16 15:46:35,296
Cartagena,Colombia,10.400,-75.514,30.2,28.7,87,32,Clear,2026-03-13 22:58:35,113
Cali,Colombia,3.437,-76.523,24.3,25.4,77,4,Sunny,2026-03-30 07:22:35,113
Cartagena,Colombia,10.400,-75.514,28.0,26.5,76,30,Patchy rain nearby,2026-03-18 07:22:35,176
Barranquilla,Colombia,10.964,-74.796,34.2,32.6,80,32,Partly cloudy,2026-03-26 06:10:35,116
Medellin,Colombia,6.291,-75.536,20.4,19.7,76,22,Sunny,2026-04-05 21:46:35,113
Barranquilla,Colombia,10.964,-74.796,28.3,27.0,58,25,Clear,2026-03-25 19:22:35,113
Cali,Colombia,3.437,-76.523,29.2,28.3,58,21,Light rain,2026-03-21 03:46:35,296
Barranquilla,Colombia,10.964,-74.796,25.4,23.9,80,31,Overcast,2026-03-22 19:22:35,122
Bogota,Colombia,4.600,-74.083,11.1,10.8,72,17,Sunny,2026-03-31 01:22:35,113
Barranquilla,Colombia,10.964,-74.796,33.4,32.1,67,26,Overcast,2026-04-09 08:34:35,122
Cali,Colombia,3.437,-76.523,20.8,20.2,66,19,Clear,2026-03-15 10:58:35,113
Medellin,Colombia,6.291,-75.536,26.0,25.3,62,19,Patchy rain nearby,2026-03-20 20:34:35,176
Bogota,Colombia,4.600,-74.083,8.5,9.0,82,11,Overcast,2026-03-27 03:46:35,122
Bogota,Colombia,4.600,-74.083,8.3,8.6,70,11,Partly cloudy,2026-03-26 13:22:35,116
Cali,Colombia,3.437,-76.523,31.0,30.8,70,16,Patchy rain nearby,2026-04-05 10:58:35,176
Cali,Colombia,3.437,-76.523,31.8,32.4,64,7,Clear,2026-03-31 15:46:35,113
Cartagena,Colombia,10.400,-75.514,26.8,26.8,64,13,Patchy rain nearby,2026-03-25 12:10:35,176
Cartagena,Colombia,10.400,-75.514,30.8,29.3,75,30,Light rain,2026-03-23 16:58:35,296
Medellin,Colombia,6.291,-75.536,24.3,24.8,68,9,Patchy rain nearby,2026-03-19 01:22:35,176
Cali,Colombia,3.437,-76.523,30.9,31.4,56,6,Partly cloudy,2026-03-25 22:58:35,116
Cartagena,Colombia,10.400,-75.514,34.4,32.8,73,31,Clear,2026-03-18 21:46:35,113
Bogota,Colombia,4.600,-74.083,9.2,9.5,65,10,Patchy rain nearby,2026-04-07 20:34:35,176
Medellin,Colombia,6.291,-75.536,18.3,18.5,73,13,Partly cloudy,2026-04-02 18:10:35,116
Barranquilla,Colombia,10.964,-74.796,32.7,31.4,71,27,Patchy rain nearby,2026-03-14 16:58:35,176
Barranquilla,Colombia,10.964,-74.796,25.6,23.6,62,32,Sunny,2026-04-08 21:46:35,113
Bogota,Colombia,4.600,-74.083,16.5,16.5,66,13,Sunny,2026-03-31 15:46:35,113
Cartagena,Colombia,10.400,-75.514,27.1,26.1,81,26,Light rain,2026-03-25 22:58:35,296
Cartagena,Colombia,10.400,-75.514,34.4,32.9,83,32,Light rain,2026-03-13 01:22:35,296
Cartagena,Colombia,10.400,-75.514,27.9,26.3,76,31,Sunny,2026-03-16 08:34:35,113
Cartagena,Colombia,10.400,-75.514,30.1,28.5,65,29,Overcast,2026-03-29 06:10:35,122
Medellin,Colombia,6.291,-75.536,26.8,26.3,68,19,Light rain,2026-04-02 14:34:35,296
Cali,Colombia,3.437,-76.523,23.3,23.3,68,14,Partly cloudy,2026-03-17 13:22:35,116
Cali,Colombia,3.437,-76.523,25.2,25.1,76,16,Patchy rain nearby,2026-03-20 16:58:35,176
Cali,Colombia,3.437,-76.523,24.4,24.3,62,13,Clear,2026-03-20 20:34:35,113
Bogota,Colombia,4.600,-74.083,16.1,16.7,71,8,Partly cloudy,2026-03-29 09:46:35,116
Cali,Colombia,3.437,-76.523,25.0,24.5,75,20,Partly cloudy,2026-03-27 00:10:35,116
Bogota,Colombia,4.600,-74.083,19.0,19.2,82,14,Partly cloudy,2026-03-17 16:58:35,116
Bogota,Colombia,4.600,-74.083,16.8,16.4,88,22,Patchy rain nearby,2026-04-01 09:46:35,176
Barranquilla,Colombia,10.964,-74.796,29.7,28.7,62,22,Overcast,2026-03-15 10:58:35,122
Barranquilla,Colombia,10.964,-74.796,31.9,30.5,78,30,Partly cloudy,2026-03-16 15:46:35,116
Bogota,Colombia,4.600,-74.083,12.3,12.1,85,19,Light rain,2026-03-14 16:58:35,296
Cali,Colombia,3.437,-76.523,31.6,32.7,76,4,Overcast,2026-04-01 06:10:35,122
Medellin,Colombia,6.291,-75.536,24.4,25.0,58,6,Overcast,2026-03-17 16:58:35,122
Cali,Colombia,3.437,-76.523,22.7,23.1,78,12,Overcast,2026-03-17 06:10:35,122
Bogota,Colombia,4.600,-74.083,13.8,13.9,72,13,Light rain,2026-03-31 04:58:35,296
Cali,Colombia,3.437,-76.523,31.3,31.0,70,17,Patchy rain nearby,2026-04-07 13:22:35,176
Barranquilla,Colombia,10.964,-74.796,24.7,23.0,61,29,Clear,2026-04-11 10:58:35,113
Bogota,Colombia,4.600,-74.083,16.3,15.7,85,23,Sunny,2026-04-10 13:22:35,113
Cartagena,Colombia,10.400,-75.514,27.3,26.3,73,25,Light rain,2026-04-10 09:46:35,296
Bogota,Colombia,4.600,-74.083,13.6,12.8,66,21,Patchy rain nearby,2026-03-31 19:22:35,176
Medellin,Colombia,6.291,-75.536,17.6,18.3,70,7,Sunny,2026-03-30 10:58:35,113
Medellin,Colombia,6.291,-75.536,16.6,15.7,65,22,Sunny,2026-03-23 20:34:35,113
Cali,Colombia,3.437,-76.523,21.8,23.0,70,2,Light rain,2026-03-23 06:10:35,296
Cartagena,Colombia,10.400,-75.514,28.6,27.9,85,24,Sunny,2026-03-27 03:46:35,113
Bogota,Colombia,4.600,-74.083,15.9,16.7,79,8,Clear,2026-03-21 10:58:35,113
Cali,Colombia,3.437,-76.523,26.9,26.5,67,17,Overcast,2026-04-02 21:46:35,122
Barranquilla,Colombia,10.964,-74.796,35.2,34.2,82,26,Light rain,2026-04-02 14:34:35,296
Barranquilla,Colombia,10.964,-74.796,31.7,30.3,64,27,Light rain,2026-03-29 06:10:35,296
Barranquilla,Colombia,10.964,-74.796,32.2,31.5,62,19,Clear,2026-04-08 07:22:35,113
Medellin,Colombia,6.291,-75.536,20.2,20.4,83,15,Clear,2026-03-31 22:58:35,113
Cali,Colombia,3.437,-76.523,26.1,27.1,79,6,Overcast,2026-03-20 06:10:35,122
Medellin,Colombia,6.291,-75.536,20.4,21.7,78,3,Sunny,2026-03-21 10:58:35,113
Medellin,Colombia,6.291,-75.536,17.6,16.9,63,20,Patchy rain nearby,2026-03-13 19:22:35,176
Cartagena,Colombia,10.400,-75.514,34.8,35.1,82,13,Patchy rain nearby,2026-04-05 07:22:35,176
Cartagena,Colombia,10.400,-75.514,30.3,29.7,61,18,Clear,2026-03-20 13:22:35,113
Medellin,Colombia,6.291,-75.536,18.1,18.5,78,12,Light rain,2026-04-10 06:10:35,296
Barranquilla,Colombia,10.964,-74.796,28.7,27.1,76,31,Light rain,2026-03-31 08:34:35,296
Medellin,Colombia,6.291,-75.536,21.0,21.2,60,10,Patchy rain nearby,2026-03-13 12:10:35,176
Medellin,Colombia,6.291,-75.536,16.8,16.2,73,21,Clear,2026-03-17 09:46:35,113
Cali,Colombia,3.437,-76.523,28.1,29.0,63,4,Clear,2026-03-13 19:22:35,113
Medellin,Colombia,6.291,-75.536,19.7,18.9,64,21,Sunny,2026-03-29 02:34:35,113
Bogota,Colombia,4.600,-74.083,16.4,17.1,79,9,Light rain,2026-03-29 20:34:35,296
Medellin,Colombia,6.291,-75.536,21.4,21.1,79,19,Light rain,2026-04-02 21:46:35,296
Cartagena,Colombia,10.400,-75.514,32.7,32.9,75,13,Clear,2026-04-09 19:22:35,113
Barranquilla,Colombia,10.964,-74.796,33.6,33.4,63,15,Clear,2026-03-22 08:34:35,113
Medellin,Colombia,6.291,-75.536,22.7,23.1,75,11,Light rain,2026-03-27 07:22:35,296
Cali,Colombia,3.437,-76.523,20.9,21.1,79,14,Patchy rain nearby,2026-03-16 12:10:35,176
Cali,Colombia,3.437,-76.523,25.7,24.8,61,21,Patchy rain nearby,2026-03-24 00:10:35,176
Cali,Colombia,3.437,-76.523,29.3,29.6,60,9,Sunny,2026-03-13 22:58:35,113
Barranquilla,Colombia,10.964,-74.796,26.8,25.6,63,25,Partly cloudy,2026-04-11 00:10:35,116
Bogota,Colombia,4.600,-74.083,19.1,18.8,91,21,Overcast,2026-03-17 20:34:35,122
Cartagena,Colombia,10.400,-75.514,32.0,31.8,80,18,Patchy rain nearby,2026-03-23 06:10:35,176
Medellin,Colombia,6.291,-75.536,20.5,19.8,59,19,Sunny,2026-04-05 14:34:35,113
Barranquilla,Colombia,10.964,-74.796,31.4,30.6,65,21,Sunny,2026-03-31 01:22:35,113
Cartagena,Colombia,10.400,-75.514,30.3,28.7,64,29,Partly cloudy,2026-03-31 04:58:35,116
Cali,Colombia,3.437,-76.523,22.6,22.6,52,10,Light rain,2026-03-31 08:34:35,296
Barranquilla,Colombia,10.964,-74.796,33.0,31.8,83,29,Partly cloudy,2026-04-01 09:46:35,116
Bogota,Colombia,4.600,-74.083,17.2,16.9,83,20,Clear,2026-04-08 14:34:35,113
Medellin,Colombia,6.291,-75.536,19.0,18.4,58,18,Sunny,2026-03-13 04:58:35,113
Barranquilla,Colombia,10.964,-74.796,25.6,24.2,80,30,Clear,2026-03-28 04:58:35,113
Barranquilla,Colombia,10.964,-74.796,24.6,22.6,67,33,Clear,2026-04-02 10:58:35,113
Bogota,Colombia,4.600,-74.083,16.9,17.2,81,13,Partly cloudy,2026-03-24 14:34:35,116
Bogota,Colombia,4.600,-74.083,15.7,16.0,65,10,Clear,2026-03-12 14:34:35,113
Barranquilla,Colombia,10.964,-74.796,24.1,23.3,76,23,Light rain,2026-03-28 12:10:35,296
Cartagena,Colombia,10.400,-75.514,23.6,23.0,61,18,Clear,2026-04-09 22:58:35,113
Barranquilla,Colombia,10.964,-74.796,35.0,34.9,84,18,Clear,2026-03-21 10:58:35,113
Bogota,Colombia,4.600,-74.083,10.7,10.9,65,11,Overcast,2026-03-15 07:22:35,122
Medellin,Colombia,6.291,-75.536,20.4,21.0,82,10,Overcast,2026-04-03 08:34:35,122
Bogota,Colombia,4.600,-74.083,17.0,17.9,92,9,Clear,2026-03-25 12:10:35,113
Barranquilla,Colombia,10.964,-74.796,32.2,32.1,76,16,Sunny,2026-03-12 18:10:35,113
Bogota,Colombia,4.600,-74.083,14.2,14.6,66,9,Partly cloudy,2026-03-30 07:22:35,116
Cartagena,Colombia,10.400,-75.514,27.5,26.8,77,22,Partly cloudy,2026-03-27 00:10:35,116
Cartagena,Colombia,10.400,-75.514,28.8,27.2,75,31,Clear,2026-04-07 16:58:35,113
Barranquilla,Colombia,10.964,-74.796,30.9,30.0,80,25,Overcast,2026-03-20 02:34:35,122
Cartagena,Colombia,10.400,-75.514,23.4,23.6,88,16,Patchy rain nearby,2026-03-16 01:22:35,176
Bogota,Colombia,4.600,-74.083,10.3,10.3,66,13,Sunny,2026-03-27 10:58:35,113
Medellin,Colombia,6.291,-75.536,17.8,17.1,68,21,Clear,2026-04-07 06:10:35,113
Medellin,Colombia,6.291,-75.536,17.4,18.2,56,3,Patchy rain nearby,2026-03-22 08:34:35,176
Barranquilla,Colombia,10.964,-74.796,29.9,28.7,60,24,Sunny,2026-03-29 20:34:35,113
Bogota,Colombia,4.600,-74.083,16.6,17.0,74,11,Patchy rain nearby,2026-03-28 01:22:35,176
Cartagena,Colombia,10.400,-75.514,25.7,25.8,89,17,Partly cloudy,2026-03-30 00:10:35,116
Cali,Colombia,3.437,-76.523,21.7,22.7,79,6,Light rain,2026-04-02 18:10:35,296
Medellin,Colombia,6.291,-75.536,19.9,20.5,67,7,Sunny,2026-03-20 13:22:35,113
Medellin,Colombia,6.291,-75.536,20.1,20.8,64,6,Sunny,2026-03-31 15:46:35,113
Cartagena,Colombia,10.400,-75.514,26.6,25.3,65,26,Sunny,2026-03-26 06:10:35,113
Bogota,Colombia,4.600,-74.083,12.1,12.8,73,8,Partly cloudy,2026-03-16 22:58:35,116
Barranquilla,Colombia,10.964,-74.796,34.6,34.4,71,16,Patchy rain nearby,2026-04-08 18:10:35,176
Medellin,Colombia,6.291,-75.536,18.9,18.8,83,18,Clear,2026-04-06 04:58:35,113
Cali,Colombia,3.437,-76.523,27.2,28.4,71,2,Light rain,2026-04-02 10:58:35,296
Barranquilla,Colombia,10.964,-74.796,24.9,25.1,83,15,Overcast,2026-03-30 00:10:35,122
Cali,Colombia,3.437,-76.523,27.3,28.1,53,3,Overcast,2026-03-21 07:22:35,122
Medellin,Colombia,6.291,-75.536,20.1,19.7,60,16,Overcast,2026-04-11 10:58:35,122
Barranquilla,Colombia,10.964,-74.796,25.1,24.2,64,22,Sunny,2026-04-06 15:46:35,113
Bogota,Colombia,4.600,-74.083,19.5,19.7,90,16,Partly cloudy,2026-04-11 00:10:35,116
Cali,Colombia,3.437,-76.523,27.7,27.3,78,20,Light rain,2026-04-08 00:10:35,296
Cartagena,Colombia,10.400,-75.514,31.9,30.3,62,28,Partly cloudy,2026-04-01 20:34:35,116
Medellin,Colombia,6.291,-75.536,17.0,17.5,56,6,Sunny,2026-03-29 06:10:35,113
Barranquilla,Colombia,10.964,-74.796,26.2,25.0,70,26,Patchy rain nearby,2026-03-13 12:10:35,176
Cali,Colombia,3.437,-76.523,25.6,26.5,65,4,Sunny,2026-03-16 15:46:35,113
Bogota,Colombia,4.600,-74.083,8.6,8.8,94,17,Partly cloudy,2026-03-29 13:22:35,116
Bogota,Colombia,4.600,-74.083,16.0,15.9,88,19,Patchy rain nearby,2026-04-01 16:58:35,176
Bogota,Colombia,4.600,-74.083,11.6,11.6,84,17,Clear,2026-03-17 09:46:35,113
Bogota,Colombia,4.600,-74.083,18.9,20.1,90,6,Clear,2026-03-19 08:34:35,113
Medellin,Colombia,6.291,-75.536,18.8,20.1,78,3,Light rain,2026-03-15 21:46:35,296
Medellin,Colombia,6.291,-75.536,26.4,26.7,71,11,Clear,2026-03-28 15:46:35,113
Medellin,Colombia,6.291,-75.536,26.8,27.7,75,6,Patchy rain nearby,2026-03-18 18:10:35,176
Barranquilla,Colombia,10.964,-74.796,30.1,28.1,58,32,Clear,2026-04-02 07:22:35,113
Cartagena,Colombia,10.400,-75.514,30.7,29.8,63,22,Overcast,2026-03-14 02:34:35,122
Cali,Colombia,3.437,-76.523,26.9,27.0,71,13,Clear,2026-03-22 22:58:35,113
Barranquilla,Colombia,10.964,-74.796,29.1,28.8,73,18,Patchy rain nearby,2026-03-30 07:22:35,176
Bogota,Colombia,4.600,-74.083,19.0,18.8,70,16,Light rain,2026-04-11 10:58:35,296
Cali,Colombia,3.437,-76.523,28.2,29.4,78,4,Sunny,2026-03-13 15:46:35,113
Bogota,Colombia,4.600,-74.083,12.6,12.8,82,14,Overcast,2026-03-16 12:10:35,122
Cali,Colombia,3.437,-76.523,31.6,31.7,79,15,Light rain,2026-03-15 07:22:35,296
Cali,Colombia,3.437,-76.523,31.7,31.4,63,16,Patchy rain nearby,2026-04-01 16:58:35,176
Cali,Colombia,3.437,-76.523,27.4,28.1,67,6,Light rain,2026-03-25 19:22:35,296
Medellin,Colombia,6.291,-75.536,17.4,17.9,67,8,Light rain,2026-03-29 16:58:35,296
Medellin,Colombia,6.291,-75.536,23.1,23.4,55,8,Clear,2026-03-24 18:10:35,113
Bogota,Colombia,4.600,-74.083,8.2,8.8,81,10,Partly cloudy,2026-04-07 13:22:35,116
Cali,Colombia,3.437,-76.523,26.5,27.4,59,3,Light rain,2026-03-12 21:46:35,296
Medellin,Colombia,6.291,-75.536,25.9,25.0,55,20,Patchy rain nearby,2026-03-13 08:34:35,176
Medellin,Colombia,6.291,-75.536,17.5,17.1,66,17,Overcast,2026-03-21 14:34:35,122
Bogota,Colombia,4.600,-74.083,14.1,13.5,88,24,Light rain,2026-03-28 22:58:35,296
Bogota,Colombia,4.600,-74.083,16.7,17.8,89,7,Clear,2026-03-20 06:10:35,113
Bogota,Colombia,4.600,-74.083,14.5,14.7,90,16,Clear,2026-03-24 21:46:35,113
Medellin,Colombia,6.291,-75.536,25.3,24.9,80,20,Partly cloudy,2026-04-05 07:22:35,116
Barranquilla,Colombia,10.964,-74.796,28.7,27.8,62,21,Clear,2026-04-09 12:10:35,113
Cali,Colombia,3.437,-76.523,28.7,27.9,65,21,Partly cloudy,2026-04-11 00:10:35,116
Cartagena,Colombia,10.400,-75.514,32.5,31.8,88,25,Sunny,2026-04-05 14:34:35,113
Barranquilla,Colombia,10.964,-74.796,29.2,28.4,78,24,Patchy rain nearby,2026-04-08 03:46:35,176
Cali,Colombia,3.437,-76.523,25.5,25.7,68,12,Overcast,2026-03-21 21:46:35,122
Medellin,Colombia,6.291,-75.536,21.4,20.6,56,19,Partly cloudy,2026-04-02 03:46:35,116
Cali,Colombia,3.437,-76.523,21.4,22.1,79,9,Clear,2026-04-01 09:46:35,113
Medellin,Colombia,6.291,-75.536,27.0,26.5,69,19,Light rain,2026-04-08 00:10:35,296
Cali,Colombia,3.437,-76.523,30.1,29.6,66,18,Partly cloudy,2026-03-18 00:10:35,116
Cali,Colombia,3.437,-76.523,31.1,31.0,58,13,Sunny,2026-04-10 13:22:35,113
Medellin,Colombia,6.291,-75.536,16.4,17.1,74,8,Partly cloudy,2026-04-11 00:10:35,116
Bogota,Colombia,4.600,-74.083,13.3,14.1,70,6,Patchy rain nearby,2026-04-08 00:10:35,176
Barranquilla,Colombia,10.964,-74.796,24.6,23.0,75,31,Partly cloudy,2026-03-26 09:46:35,116
Cartagena,Colombia,10.400,-75.514,29.6,29.0,85,23,Partly cloudy,2026-03-19 15:46:35,116
Barranquilla,Colombia,10.964,-74.796,34.8,33.8,61,22,Overcast,2026-03-27 03:46:35,122
Cali,Colombia,3.437,-76.523,20.4,20.4,69,14,Partly cloudy,2026-04-02 03:46:35,116
Medellin,Colombia,6.291,-75.536,22.0,23.4,83,3,Light rain,2026-03-25 04:58:35,296
Medellin,Colombia,6.291,-75.536,28.0,28.5,80,11,Partly cloudy,2026-03-25 12:10:35,116
Cali,Colombia,3.437,-76.523,23.1,22.5,57,17,Overcast,2026-03-28 19:22:35,122
Bogota,Colombia,4.600,-74.083,18.3,17.6,71,21,Patchy rain nearby,2026-03-26 06:10:35,176
Medellin,Colombia,6.291,-75.536,27.7,27.6,82,17,Overcast,2026-03-19 15:46:35,122
Cartagena,Colombia,10.400,-75.514,33.3,31.8,81,31,Light rain,2026-04-08 18:10:35,296
Barranquilla,Colombia,10.964,-74.796,35.0,33.7,74,28,Overcast,2026-03-20 20:34:35,122
Medellin,Colombia,6.291,-75.536,24.9,24.6,70,17,Patchy rain nearby,2026-03-24 21:46:35,176
Barranquilla,Colombia,10.964,-74.796,27.5,26.6,77,24,Sunny,2026-03-15 14:34:35,113
Bogota,Colombia,4.600,-74.083,11.9,12.0,85,16,Clear,2026-03-28 04:58:35,113
Cartagena,Colombia,10.400,-75.514,34.7,33.7,65,23,Light rain,2026-04-09 04:58:35,296
Medellin,Colombia,6.291,-75.536,25.8,26.0,71,12,Overcast,2026-03-13 01:22:35,122
Medellin,Colombia,6.291,-75.536,19.0,18.4,80,22,Sunny,2026-04-03 19:22:35,113
Bogota,Colombia,4.600,-74.083,10.7,9.6,67,24,Partly cloudy,2026-04-02 18:10:35,116
Barranquilla,Colombia,10.964,-74.796,31.3,30.1,80,28,Light rain,2026-03-29 09:46:35,296
Bogota,Colombia,4.600,-74.083,16.5,16.8,86,14,Light rain,2026-04-09 15:46:35,296
Cartagena,Colombia,10.400,-75.514,33.8,33.7,79,17,Clear,2026-03-26 16:58:35,113
Barranquilla,Colombia,10.964,-74.796,26.6,24.9,79,33,Sunny,2026-03-28 15:46:35,113
Medellin,Colombia,6.291,-75.536,17.1,16.8,61,15,Partly cloudy,2026-03-23 16:58:35,116
Cali,Colombia,3.437,-76.523,21.0,20.9,78,17,Overcast,2026-03-18 03:46:35,122
Cartagena,Colombia,10.400,-75.514,33.6,32.9,71,21,Overcast,2026-03-17 13:22:35,122
Bogota,Colombia,4.600,-74.083,18.9,18.7,82,18,Sunny,2026-03-31 22:58:35,113
Medellin,Colombia,6.291,-75.536,27.3,26.5,67,21,Partly cloudy,2026-03-27 10:58:35,116
Medellin,Colombia,6.291,-75.536,24.2,24.3,81,15,Sunny,2026-04-01 13:22:35,113
Cartagena,Colombia,10.400,-75.514,24.6,23.3,85,30,Partly cloudy,2026-03-22 04:58:35,116
Barranquilla,Colombia,10.964,-74.796,26.7,26.0,73,22,Clear,2026-03-12 14:34:35,113
Bogota,Colombia,4.600,-74.083,9.2,9.4,84,15,Partly cloudy,2026-03-20 16:58:35,116
Barranquilla,Colombia,10.964,-74.796,27.3,27.0,70,17,Sunny,2026-04-08 10:58:35,113
Cartagena,Colombia,10.400,-75.514,31.9,30.5,69,28,Overcast,2026-03-26 20:34:35,122
Cali,Colombia,3.437,-76.523,25.9,25.6,50,13,Partly cloudy,2026-04-08 03:46:35,116
Cartagena,Colombia,10.400,-75.514,31.3,29.7,65,29,Partly cloudy,2026-04-07 20:34:35,116
Barranquilla,Colombia,10.964,-74.796,26.8,26.8,85,17,Sunny,2026-04-05 18:10:35,113
Cartagena,Colombia,10.400,-75.514,27.0,26.3,83,24,Light rain,2026-04-06 01:22:35,296
Medellin,Colombia,6.291,-75.536,16.8,17.3,68,9,Overcast,2026-04-01 20:34:35,122
Bogota,Colombia,4.600,-74.083,17.9,18.4,92,13,Patchy rain nearby,2026-04-10 09:46:35,176
Cali,Colombia,3.437,-76.523,22.3,22.1,57,13,Clear,2026-03-24 10:58:35,113
Barranquilla,Colombia,10.964,-74.796,25.7,24.5,75,27,Patchy rain nearby,2026-03-25 01:22:35,176
Bogota,Colombia,4.600,-74.083,19.6,19.7,82,15,Light rain,2026-03-21 14:34:35,296
Cali,Colombia,3.437,-76.523,24.3,23.9,57,15,Patchy rain nearby,2026-03-29 02:34:35,176
Medellin,Colombia,6.291,-75.536,27.4,27.7,75,12,Partly cloudy,2026-03-26 20:34:35,116
Bogota,Colombia,4.600,-74.083,10.8,10.9,83,16,Light rain,2026-03-13 01:22:35,296
Cali,Colombia,3.437,-76.523,20.4,21.1,77,8,Clear,2026-04-10 06:10:35,113
Medellin,Colombia,6.291,-75.536,19.6,19.6,56,11,Sunny,2026-04-08 14:34:35,113
Medellin,Colombia,6.291,-75.536,19.4,19.8,77,11,Sunny,2026-04-06 01:22:35,113
Bogota,Colombia,4.600,-74.083,9.0,10.0,77,5,Clear,2026-03-12 21:46:35,113
Bogota,Colombia,4.600,-74.083,9.4,10.5,94,8,Overcast,2026-03-27 00:10:35,122
Barranquilla,Colombia,10.964,-74.796,24.7,23.6,59,23,Patchy rain nearby,2026-03-31 15:46:35,176
Medellin,Colombia,6.291,-75.536,17.5,17.7,84,15,Clear,2026-03-13 22:58:35,113
Medellin,Colombia,6.291,-75.536,25.5,26.1,72,8,Clear,2026-03-24 07:22:35,113
Barranquilla,Colombia,10.964,-74.796,28.0,26.4,75,31,Overcast,2026-04-11 03:46:35,122
Medellin,Colombia,6.291,-75.536,25.1,25.7,82,10,Clear,2026-03-28 12:10:35,113
Barranquilla,Colombia,10.964,-74.796,29.9,27.7,58,34,Light rain,2026-04-04 16:58:35,296
Barranquilla,Colombia,10.964,-74.796,25.5,23.7,58,30,Clear,2026-04-07 06:10:35,113
Cali,Colombia,3.437,-76.523,20.4,20.7,76,12,Light rain,2026-03-18 10:58:35,296
Barranquilla,Colombia,10.964,-74.796,25.3,23.3,66,33,Overcast,2026-03-14 20:34:35,122
Bogota,Colombia,4.600,-74.083,13.5,13.5,89,18,Sunny,2026-03-30 10:58:35,113
Medellin,Colombia,6.291,-75.536,21.7,22.4,60,5,Light rain,2026-04-10 09:46:35,296
Barranquilla,Colombia,10.964,-74.796,24.8,23.1,58,29,Partly cloudy,2026-03-18 21:46:35,116
Cali,Colombia,3.437,-76.523,25.6,26.2,69,8,Overcast,2026-04-05 18:10:35,122
Barranquilla,Colombia,10.964,-74.796,24.9,24.1,70,22,Patchy rain nearby,2026-04-01 20:34:35,176
Cartagena,Colombia,10.400,-75.514,34.4,34.0,87,21,Clear,2026-03-29 20:34:35,113
Bogota,Colombia,4.600,-74.083,16.1,17.4,94,6,Patchy rain nearby,2026-03-20 02:34:35,176
Medellin,Colombia,6.291,-75.536,17.1,16.8,67,16,Overcast,2026-03-26 16:58:35,122
Medellin,Colombia,6.291,-75.536,20.1,21.0,77,6,Clear,2026-04-05 00:10:35,113
Cali,Colombia,3.437,-76.523,27.7,26.7,55,21,Patchy rain nearby,2026-03-16 19:22:35,176
Medellin,Colombia,6.291,-75.536,23.9,23.7,58,14,Overcast,2026-04-09 22:58:35,122
Barranquilla,Colombia,10.964,-74.796,24.6,22.8,65,31,Clear,2026-04-06 19:22:35,113
Medellin,Colombia,6.291,-75.536,23.3,22.8,67,18,Clear,2026-04-08 10:58:35,113
Cali,Colombia,3.437,-76.523,24.5,24.6,72,13,Sunny,2026-03-14 06:10:35,113
Cartagena,Colombia,10.400,-75.514,26.5,25.0,79,31,Patchy rain nearby,2026-04-10 20:34:35,176
Cartagena,Colombia,10.400,-75.514,34.4,33.6,73,23,Sunny,2026-03-29 09:46:35,113
Bogota,Colombia,4.600,-74.083,16.8,18.0,83,5,Clear,2026-04-10 20:34:35,113
Medellin,Colombia,6.291,-75.536,25.3,25.9,68,8,Partly cloudy,2026-04-10 13:22:35,116
Barranquilla,Colombia,10.964,-74.796,30.5,30.2,62,15,Partly cloudy,2026-04-10 20:34:35,116
Cartagena,Colombia,10.400,-75.514,31.1,31.0,78,17,Light rain,2026-03-28 22:58:35,296
Cali,Colombia,3.437,-76.523,20.4,20.5,54,10,Overcast,2026-03-14 02:34:35,122
Barranquilla,Colombia,10.964,-74.796,34.1,32.3,68,32,Patchy rain nearby,2026-03-15 00:10:35,176
Barranquilla,Colombia,10.964,-74.796,27.5,26.2,80,29,Clear,2026-04-03 15:46:35,113
Medellin,Colombia,6.291,-75.536,21.9,21.8,59,13,Overcast,2026-03-15 10:58:35,122
Medellin,Colombia,6.291,-75.536,26.3,25.8,57,16,Sunny,2026-03-23 06:10:35,113
Cartagena,Colombia,10.400,-75.514,30.7,29.0,73,32,Overcast,2026-04-01 09:46:35,122
Cartagena,Colombia,10.400,-75.514,33.5,32.2,67,26,Sunny,2026-03-20 09:46:35,113
Cali,Colombia,3.437,-76.523,30.4,29.5,62,21,Clear,2026-03-19 15:46:35,113
Bogota,Colombia,4.600,-74.083,15.9,16.5,93,13,Sunny,2026-04-09 22:58:35,113
Cali,Colombia,3.437,-76.523,24.6,25.0,75,11,Light rain,2026-04-06 15:46:35,296
Medellin,Colombia,6.291,-75.536,21.4,21.2,75,17,Sunny,2026-03-22 15:46:35,113
Cali,Colombia,3.437,-76.523,24.9,24.7,63,15,Clear,2026-03-18 18:10:35,113
Bogota,Colombia,4.600,-74.083,9.7,9.2,68,19,Sunny,2026-03-12 18:10:35,113
Cartagena,Colombia,10.400,-75.514,32.1,30.3,68,32,Overcast,2026-04-08 07:22:35,122
Cartagena,Colombia,10.400,-75.514,30.8,29.4,60,26,Patchy rain nearby,2026-03-30 14:34:35,176
Bogota,Colombia,4.600,-74.083,16.2,16.9,90,11,Partly cloudy,2026-03-26 20:34:35,116
Bogota,Colombia,4.600,-74.083,15.1,14.8,93,22,Sunny,2026-03-30 14:34:35,113
Cali,Colombia,3.437,-76.523,28.4,28.2,77,17,Light rain,2026-03-29 20:34:35,296
Bogota,Colombia,4.600,-74.083,10.0,9.9,80,17,Clear,2026-03-18 10:58:35,113
Cali,Colombia,3.437,-76.523,23.3,23.9,66,7,Partly cloudy,2026-03-25 15:46:35,116
Cartagena,Colombia,10.400,-75.514,31.9,30.9,85,27,Sunny,2026-04-10 13:22:35,113
Cartagena,Colombia,10.400,-75.514,32.6,31.4,66,25,Overcast,2026-03-24 00:10:35,122
Cartagena,Colombia,10.400,-75.514,24.6,23.8,66,21,Sunny,2026-03-27 14:34:35,113
Cali,Colombia,3.437,-76.523,26.0,25.7,76,18,Sunny,2026-03-16 22:58:35,113
Cali,Colombia,3.437,-76.523,29.9,29.8,72,15,Sunny,2026-03-30 00:10:35,113
Medellin,Colombia,6.291,-75.536,23.5,24.3,77,7,Sunny,2026-03-13 15:46:35,113
Bogota,Colombia,4.600,-74.083,10.9,11.5,78,10,Light rain,2026-03-15 00:10:35,296
Barranquilla,Colombia,10.964,-74.796,28.8,27.6,79,28,Overcast,2026-03-25 08:34:35,122
Bogota,Colombia,4.600,-74.083,19.0,19.4,94,15,Patchy rain nearby,2026-04-01 20:34:35,176
Medellin,Colombia,6.291,-75.536,25.5,26.2,81,9,Overcast,2026-04-10 16:58:35,122
Barranquilla,Colombia,10.964,-74.796,27.5,27.2,64,16,Overcast,2026-03-12 21:46:35,122
Cartagena,Colombia,10.400,-75.514,32.5,31.4,71,25,Sunny,2026-03-30 07:22:35,113
Bogota,Colombia,4.600,-74.083,8.9,9.3,71,10,Overcast,2026-03-23 02:34:35,122
Cali,Colombia,3.437,-76.523,28.9,29.3,58,8,Sunny,2026-03-22 04:58:35,113
Medellin,Colombia,6.291,-75.536,27.0,26.7,64,16,Light rain,2026-04-04 02:34:35,296
Cartagena,Colombia,10.400,-75.514,23.1,22.3,87,25,Sunny,2026-03-23 20:34:35,113
Barranquilla,Colombia,10.964,-74.796,29.5,28.8,78,23,Overcast,2026-03-16 04:58:35,122
Cali,Colombia,3.437,-76.523,26.8,26.6,66,15,Overcast,2026-03-31 01:22:35,122
Bogota,Colombia,4.600,-74.083,16.3,17.4,79,5,Overcast,2026-04-09 12:10:35,122
Bogota,Colombia,4.600,-74.083,17.3,17.6,69,11,Sunny,2026-04-03 12:10:35,113
Cali,Colombia,3.437,-76.523,21.8,20.9,57,20,Sunny,2026-04-06 08:34:35,113
Barranquilla,Colombia,10.964,-74.796,34.5,33.1,63,27,Clear,2026-03-29 13:22:35,113
Bogota,Colombia,4.600,-74.083,14.6,15.6,85,7,Patchy rain nearby,2026-04-07 16:58:35,176
Cali,Colombia,3.437,-76.523,28.8,29.6,60,4,Sunny,2026-04-07 02:34:35,113
Cali,Colombia,3.437,-76.523,26.7,26.7,78,16,Overcast,2026-03-24 21:46:35,122
Cartagena,Colombia,10.400,-75.514,27.7,26.4,75,28,Light rain,2026-04-10 16:58:35,296
Medellin,Colombia,6.291,-75.536,26.4,27.4,84,7,Patchy rain nearby,2026-03-15 18:10:35,176
Barranquilla,Colombia,10.964,-74.796,24.4,24.0,81,20,Patchy rain nearby,2026-04-09 15:46:35,176
Medellin,Colombia,6.291,-75.536,22.4,22.3,68,15,Partly cloudy,2026-03-26 02:34:35,116
Barranquilla,Colombia,10.964,-74.796,27.2,27.2,82,16,Partly cloudy,2026-03-23 09:46:35,116
Barranquilla,Colombia,10.964,-74.796,33.4,33.2,78,18,Clear,2026-04-01 06:10:35,113
Cartagena,Colombia,10.400,-75.514,31.9,30.0,67,32,Clear,2026-03-14 06:10:35,113
Bogota,Colombia,4.600,-74.083,15.5,16.3,72,6,Clear,2026-04-09 04:58:35,113
Cartagena,Colombia,10.400,-75.514,26.7,25.9,71,22,Light rain,2026-03-17 06:10:35,296
Bogota,Colombia,4.600,-74.083,10.2,10.2,71,14,Light rain,2026-04-07 02:34:35,296
Bogota,Colombia,4.600,-74.083,10.0,10.1,65,12,Patchy rain nearby,2026-03-21 03:46:35,176
Bogota,Colombia,4.600,-74.083,18.2,19.2,83,7,Sunny,2026-04-04 02:34:35,113
Barranquilla,Colombia,10.964,-74.796,27.6,27.0,80,22,Clear,2026-03-14 13:22:35,113
Barranquilla,Colombia,10.964,-74.796,27.4,26.7,58,19,Sunny,2026-04-04 20:34:35,113
Barranquilla,Colombia,10.964,-74.796,27.9,27.3,70,20,Patchy rain nearby,2026-03-20 06:10:35,176
Barranquilla,Colombia,10.964,-74.796,27.7,25.6,63,34,Patchy rain nearby,2026-04-04 13:22:35,176
Bogota,Colombia,4.600,-74.083,12.6,12.7,65,12,Patchy rain nearby,2026-04-01 02:34:35,176
Cartagena,Colombia,10.400,-75.514,26.9,25.7,68,26,Light rain,2026-03-25 01:22:35,296
Cartagena,Colombia,10.400,-75.514,32.4,32.6,83,15,Patchy rain nearby,2026-03-28 08:34:35,176
Bogota,Colombia,4.600,-74.083,14.5,14.9,87,13,Sunny,2026-03-15 21:46:35,113
Cali,Colombia,3.437,-76.523,28.5,28.6,77,14,Overcast,2026-03-15 14:34:35,122
Bogota,Colombia,4.600,-74.083,11.5,12.1,77,9,Light rain,2026-04-06 08:34:35,296
Barranquilla,Colombia,10.964,-74.796,25.3,24.2,60,23,Overcast,2026-04-05 21:46:35,122
Cartagena,Colombia,10.400,-75.514,33.6,32.2,75,29,Sunny,2026-04-08 14:34:35,113
Cali,Colombia,3.437,-76.523,25.0,26.0,71,4,Clear,2026-03-26 02:34:35,113
Cali,Colombia,3.437,-76.523,28.2,28.2,58,12,Light rain,2026-04-10 02:34:35,296
Cartagena,Colombia,10.400,-75.514,27.6,27.6,68,14,Clear,2026-03-27 10:58:35,113
Barranquilla,Colombia,10.964,-74.796,32.9,31.2,60,29,Light rain,2026-03-31 22:58:35,296
Cali,Colombia,3.437,-76.523,30.6,30.7,51,9,Light rain,2026-03-16 04:58:35,296
Cali,Colombia,3.437,-76.523,27.8,27.6,75,17,Partly cloudy,2026-04-09 04:58:35,116
Cartagena,Colombia,10.400,-75.514,34.4,34.0,62,16,Patchy rain nearby,2026-03-15 14:34:35,176
Medellin,Colombia,6.291,-75.536,19.4,20.1,77,8,Sunny,2026-04-07 02:34:35,113
Bogota,Colombia,4.600,-74.083,11.4,10.8,82,22,Sunny,2026-04-05 18:10:35,113
Cartagena,Colombia,10.400,-75.514,34.8,34.9,80,15,Partly cloudy,2026-04-10 02:34:35,116
Bogota,Colombia,4.600,-74.083,17.9,16.9,68,24,Light rain,2026-04-04 13:22:35,296
Barranquilla,Colombia,10.964,-74.796,24.9,24.1,74,23,Clear,2026-04-05 07:22:35,113
Barranquilla,Colombia,10.964,-74.796,35.0,33.5,86,32,Clear,2026-03-24 14:34:35,113
Barranquilla,Colombia,10.964,-74.796,25.4,25.4,85,17,Overcast,2026-03-18 10:58:35,122
Barranquilla,Colombia,10.964,-74.796,32.3,31.2,82,27,Patchy rain nearby,2026-03-23 16:58:35,176
Medellin,Colombia,6.291,-75.536,26.8,26.1,56,18,Overcast,2026-03-17 20:34:35,122
Cartagena,Colombia,10.400,-75.514,25.6,25.7,84,16,Overcast,2026-04-06 22:58:35,122
Cali,Colombia,3.437,-76.523,30.5,31.5,64,3,Patchy rain nearby,2026-03-20 02:34:35,176
Bogota,Colombia,4.600,-74.083,17.1,18.2,93,8,Partly cloudy,2026-04-02 21:46:35,116
Barranquilla,Colombia,10.964,-74.796,32.6,31.2,84,31,Overcast,2026-04-11 07:22:35,122
Cartagena,Colombia,10.400,-75.514,30.8,30.8,80,16,Partly cloudy,2026-03-15 07:22:35,116
Cali,Colombia,3.437,-76.523,22.4,23.2,78,8,Light rain,2026-03-26 13:22:35,296
Cartagena,Colombia,10.400,-75.514,24.3,22.6,72,31,Light rain,2026-04-07 02:34:35,296
Medellin,Colombia,6.291,-75.536,24.0,23.9,79,17,Light rain,2026-04-04 13:22:35,296
Medellin,Colombia,6.291,-75.536,25.7,25.8,59,11,Patchy rain nearby,2026-04-05 18:10:35,176
Cali,Colombia,3.437,-76.523,32.0,31.2,58,20,Patchy rain nearby,2026-03-14 20:34:35,176
Cali,Colombia,3.437,-76.523,29.2,28.5,72,21,Light rain,2026-03-31 19:22:35,296
Barranquilla,Colombia,10.964,-74.796,31.4,30.1,81,29,Overcast,2026-03-20 16:58:35,122
Barranquilla,Colombia,10.964,-74.796,28.7,27.7,60,22,Patchy rain nearby,2026-03-20 13:22:35,176
Cartagena,Colombia,10.400,-75.514,32.4,31.1,83,30,Overcast,2026-03-20 06:10:35,122
Cartagena,Colombia,10.400,-75.514,25.2,24.9,62,15,Overcast,2026-03-26 09:46:35,122
Bogota,Colombia,4.600,-74.083,12.0,11.0,68,24,Clear,2026-03-24 10:58:35,113
Cartagena,Colombia,10.400,-75.514,26.8,25.8,61,22,Clear,2026-03-28 01:22:35,113
Medellin,Colombia,6.291,-75.536,16.5,16.8,66,10,Light rain,2026-04-09 15:46:35,296
Medellin,Colombia,6.291,-75.536,27.7,27.5,57,13,Sunny,2026-04-09 08:34:35,113
Bogota,Colombia,4.600,-74.083,15.6,16.2,66,7,Sunny,2026-04-08 07:22:35,113
Cali,Colombia,3.437,-76.523,31.9,31.5,56,15,Partly cloudy,2026-04-09 01:22:35,116
Cali,Colombia,3.437,-76.523,23.6,24.5,77,6,Clear,2026-04-05 03:46:35,113
Cartagena,Colombia,10.400,-75.514,29.7,29.4,77,18,Light rain,2026-03-24 18:10:35,296
Cartagena,Colombia,10.400,-75.514,27.4,26.2,77,27,Clear,2026-04-11 10:58:35,113
Medellin,Colombia,6.291,-75.536,23.9,24.7,55,3,Clear,2026-03-24 14:34:35,113
Cartagena,Colombia,10.400,-75.514,24.2,23.7,87,22,Sunny,2026-04-02 21:46:35,113
Bogota,Colombia,4.600,-74.083,13.0,13.1,93,18,Clear,2026-03-28 08:34:35,113
Medellin,Colombia,6.291,-75.536,17.8,18.9,77,4,Light rain,2026-04-01 06:10:35,296
Cartagena,Colombia,10.400,-75.514,33.0,33.1,80,15,Partly cloudy,2026-04-01 02:34:35,116
Bogota,Colombia,4.600,-74.083,19.2,19.4,82,14,Patchy rain nearby,2026-03-19 15:46:35,176
Cali,Colombia,3.437,-76.523,26.4,27.1,71,7,Partly cloudy,2026-03-22 08:34:35,116
Cali,Colombia,3.437,-76.523,31.3,31.2,79,17,Light rain,2026-03-24 14:34:35,296
Cartagena,Colombia,10.400,-75.514,30.5,30.6,74,14,Clear,2026-03-16 22:58:35,113
Cartagena,Colombia,10.400,-75.514,29.1,28.9,78,18,Partly cloudy,2026-03-31 08:34:35,116
Cali,Colombia,3.437,-76.523,30.4,31.0,77,9,Light rain,2026-04-01 02:34:35,296
Medellin,Colombia,6.291,-75.536,17.1,16.7,84,21,Patchy rain nearby,2026-03-14 06:10:35,176
Bogota,Colombia,4.600,-74.083,12.1,12.8,82,9,Clear,2026-03-19 01:22:35,113
Medellin,Colombia,6.291,-75.536,27.0,27.0,59,12,Overcast,2026-03-18 10:58:35,122
Medellin,Colombia,6.291,-75.536,19.1,19.4,80,13,Light rain,2026-04-08 07:22:35,296
Cartagena,Colombia,10.400,-75.514,28.4,27.6,64,21,Light rain,2026-04-08 10:58:35,296
Cartagena,Colombia,10.400,-75.514,25.5,25.1,80,20,Partly cloudy,2026-03-14 16:58:35,116
Medellin,Colombia,6.291,-75.536,22.8,23.8,78,6,Partly cloudy,2026-03-18 03:46:35,116
Cali,Colombia,3.437,-76.523,23.6,23.0,68,20,Overcast,2026-03-27 10:58:35,122
Medellin,Colombia,6.291,-75.536,25.5,26.4,74,6,Partly cloudy,2026-03-16 04:58:35,116
Cartagena,Colombia,10.400,-75.514,27.1,25.5,80,32,Light rain,2026-04-09 01:22:35,296
Cartagena,Colombia,10.400,-75.514,24.9,23.0,62,31,Partly cloudy,2026-03-15 18:10:35,116
Cali,Colombia,3.437,-76.523,26.4,25.8,71,20,Clear,2026-03-26 20:34:35,113
Bogota,Colombia,4.600,-74.083,18.0,17.6,72,18,Overcast,2026-04-03 22:58:35,122
Barranquilla,Colombia,10.964,-74.796,30.1,29.1,75,25,Patchy rain nearby,2026-03-30 18:10:35,176
Barranquilla,Colombia,10.964,-74.796,32.2,32.2,82,16,Partly cloudy,2026-03-28 19:22:35,116
Bogota,Colombia,4.600,-74.083,8.7,10.0,93,6,Clear,2026-04-09 01:22:35,113
Cartagena,Colombia,10.400,-75.514,24.1,24.2,84,16,Patchy rain nearby,2026-04-02 07:22:35,176
Barranquilla,Colombia,10.964,-74.796,33.9,32.6,67,26,Sunny,2026-03-26 02:34:35,113
Cartagena,Colombia,10.400,-75.514,23.5,23.3,74,17,Patchy rain nearby,2026-03-31 19:22:35,176
Cartagena,Colombia,10.400,-75.514,33.2,33.0,73,17,Overcast,2026-03-24 07:22:35,122
Bogota,Colombia,4.600,-74.083,11.8,11.1,87,24,Light rain,2026-04-06 22:58:35,296
Cartagena,Colombia,10.400,-75.514,23.1,21.9,76,27,Partly cloudy,2026-03-28 15:46:35,116
Medellin,Colombia,6.291,-75.536,26.2,26.4,58,10,Overcast,2026-03-19 04:58:35,122
Bogota,Colombia,4.600,-74.083,18.0,17.5,83,22,Sunny,2026-03-14 02:34:35,113
Cartagena,Colombia,10.400,-75.514,27.5,27.3,82,18,Clear,2026-03-13 12:10:35,113
Medellin,Colombia,6.291,-75.536,25.8,25.3,81,21,Patchy rain nearby,2026-04-07 09:46:35,176
Cali,Colombia,3.437,-76.523,20.9,21.4,69,9,Light rain,2026-03-13 12:10:35,296
Bogota,Colombia,4.600,-74.083,12.2,11.8,89,22,Clear,2026-03-26 09:46:35,113
Cali,Colombia,3.437,-76.523,29.7,29.8,63,12,Patchy rain nearby,2026-03-30 21:46:35,176
Cali,Colombia,3.437,-76.523,24.4,23.4,56,21,Patchy rain nearby,2026-03-29 13:22:35,176
Cali,Colombia,3.437,-76.523,28.5,28.5,65,13,Light rain,2026-03-23 20:34:35,296
Barranquilla,Colombia,10.964,-74.796,35.9,33.9,69,34,Clear,2026-03-26 16:58:35,113
Cartagena,Colombia,10.400,-75.514,34.6,34.1,86,22,Patchy rain nearby,2026-03-15 00:10:35,176
Barranquilla,Colombia,10.964,-74.796,25.9,24.8,78,27,Light rain,2026-03-13 01:22:35,296
Medellin,Colombia,6.291,-75.536,16.9,17.7,78,8,Sunny,2026-03-16 19:22:35,113
Cali,Colombia,3.437,-76.523,25.1,24.2,62,21,Clear,2026-03-12 18:10:35,113
Medellin,Colombia,6.291,-75.536,20.5,19.5,55,21,Light rain,2026-04-07 16:58:35,296
Bogota,Colombia,4.600,-74.083,8.8,10.0,84,5,Patchy rain nearby,2026-04-04 09:46:35,176
Cali,Colombia,3.437,-76.523,21.5,22.0,70,9,Patchy rain nearby,2026-03-25 01:22:35,176
Cali,Colombia,3.437,-76.523,23.1,24.0,59,3,Patchy rain nearby,2026-04-04 09:46:35,176
Cartagena,Colombia,10.400,-75.514,23.1,21.9,64,25,Overcast,2026-04-02 00:10:35,122
Medellin,Colombia,6.291,-75.536,17.4,17.3,62,13,Patchy rain nearby,2026-03-22 12:10:35,176
Cartagena,Colombia,10.400,-75.514,25.4,24.6,71,22,Patchy rain nearby,2026-03-22 15:46:35,176
Bogota,Colombia,4.600,-74.083,9.0,10.0,79,6,Sunny,2026-03-18 03:46:35,113
Medellin,Colombia,6.291,-75.536,20.1,20.9,78,8,Partly cloudy,2026-03-15 03:46:35,116
Barranquilla,Colombia,10.964,-74.796,28.7,28.4,67,16,Overcast,2026-03-13 04:58:35,122
Cartagena,Colombia,10.400,-75.514,26.2,25.9,68,17,Partly cloudy,2026-03-16 12:10:35,116
Cali,Colombia,3.437,-76.523,27.0,26.8,72,16,Patchy rain nearby,2026-04-10 09:46:35,176
Cali,Colombia,3.437,-76.523,24.6,24.3,72,17,Light rain,2026-04-10 20:34:35,296
Cartagena,Colombia,10.400,-75.514,30.4,29.9,80,21,Patchy rain nearby,2026-03-20 16:58:35,176
Barranquilla,Colombia,10.964,-74.796,33.6,33.3,75,18,Light rain,2026-03-19 12:10:35,296
Cali,Colombia,3.437,-76.523,30.8,30.7,56,12,Clear,2026-03-30 10:58:35,113
Bogota,Colombia,4.600,-74.083,8.8,9.0,92,16,Light rain,2026-03-15 10:58:35,296
Bogota,Colombia,4.600,-74.083,14.1,13.2,72,23,Partly cloudy,2026-03-24 03:46:35,116
Bogota,Colombia,4.600,-74.083,9.1,9.6,77,10,Partly cloudy,2026-03-24 07:22:35,116
Cartagena,Colombia,10.400,-75.514,30.0,29.8,70,16,Overcast,2026-03-23 02:34:35,122
Medellin,Colombia,6.291,-75.536,23.9,24.0,80,15,Overcast,2026-03-22 22:58:35,122
Medellin,Colombia,6.291,-75.536,20.0,19.5,75,20,Overcast,2026-03-12 18:10:35,122
Cali,Colombia,3.437,-76.523,31.6,32.5,66,4,Clear,2026-04-04 06:10:35,113
Bogota,Colombia,4.600,-74.083,15.5,15.5,72,14,Partly cloudy,2026-04-03 01:22:35,116
Medellin,Colombia,6.291,-75.536,21.9,23.1,82,4,Partly cloudy,2026-03-25 15:46:35,116
Bogota,Colombia,4.600,-74.083,13.2,13.3,66,12,Partly cloudy,2026-03-25 01:22:35,116
Cartagena,Colombia,10.400,-75.514,27.5,27.3,88,20,Partly cloudy,2026-03-12 18:10:35,116
Barranquilla,Colombia,10.964,-74.796,29.0,28.3,83,24,Light rain,2026-04-05 00:10:35,296
Bogota,Colombia,4.600,-74.083,19.4,19.8,67,9,Sunny,2026-04-08 10:58:35,113
Bogota,Colombia,4.600,-74.083,15.4,14.3,67,24,Clear,2026-03-29 06:10:35,113
Cali,Colombia,3.437,-76.523,23.8,22.9,51,19,Light rain,2026-04-06 04:58:35,296
Barranquilla,Colombia,10.964,-74.796,24.1,23.4,71,21,Sunny,2026-04-01 02:34:35,113
Cartagena,Colombia,10.400,-75.514,30.6,29.5,88,29,Light rain,2026-03-14 09:46:35,296
Medellin,Colombia,6.291,-75.536,27.6,27.3,79,19,Clear,2026-04-06 15:46:35,113
Cartagena,Colombia,10.400,-75.514,32.7,31.9,84,25,Light rain,2026-03-25 08:34:35,296
Cali,Colombia,3.437,-76.523,25.0,24.9,56,12,Sunny,2026-03-23 13:22:35,113
Cali,Colombia,3.437,-76.523,20.1,19.4,66,20,Patchy rain nearby,2026-03-26 06:10:35,176
Cartagena,Colombia,10.400,-75.514,30.1,29.4,65,20,Light rain,2026-03-30 03:46:35,296
Bogota,Colombia,4.600,-74.083,9.6,10.6,78,6,Patchy rain nearby,2026-04-02 03:46:35,176
Medellin,Colombia,6.291,-75.536,26.5,26.4,56,12,Overcast,2026-04-06 19:22:35,122
Medellin,Colombia,6.291,-75.536,21.4,21.3,65,14,Patchy rain nearby,2026-03-25 01:22:35,176
Cali,Colombia,3.437,-76.523,23.0,23.3,52,7,Patchy rain nearby,2026-03-19 12:10:35,176
Cartagena,Colombia,10.400,-75.514,27.2,25.7,71,29,Sunny,2026-03-15 03:46:35,113
Barranquilla,Colombia,10.964,-74.796,31.6,31.6,77,15,Overcast,2026-04-04 06:10:35,122
Medellin,Colombia,6.291,-75.536,16.4,17.2,65,5,Overcast,2026-03-20 09:46:35,122
Medellin,Colombia,6.291,-75.536,26.0,27.2,79,4,Light rain,2026-03-30 14:34:35,296
Bogota,Colombia,4.600,-74.083,15.8,16.5,81,9,Sunny,2026-03-13 04:58:35,113
Bogota,Colombia,4.600,-74.083,18.0,18.3,73,12,Overcast,2026-04-07 09:46:35,122
Cartagena,Colombia,10.400,-75.514,25.6,24.2,66,27,Light rain,2026-04-08 21:46:35,296
Cartagena,Colombia,10.400,-75.514,24.9,24.5,63,17,Clear,2026-03-16 04:58:35,113
Medellin,Colombia,6.291,-75.536,16.6,17.3,70,7,Partly cloudy,2026-04-07 13:22:35,116
Barranquilla,Colombia,10.964,-74.796,26.7,26.6,72,15,Patchy rain nearby,2026-04-03 04:58:35,176
Cali,Colombia,3.437,-76.523,20.2,20.2,74,15,Clear,2026-04-08 10:58:35,113
Bogota,Colombia,4.600,-74.083,17.3,16.8,78,21,Sunny,2026-04-05 00:10:35,113
Cartagena,Colombia,10.400,-75.514,27.6,26.2,78,30,Sunny,2026-04-08 00:10:35,113
Barranquilla,Colombia,10.964,-74.796,35.6,35.2,66,17,Overcast,2026-03-29 02:34:35,122
Medellin,Colombia,6.291,-75.536,21.8,22.4,68,8,Sunny,2026-03-29 13:22:35,113
Barranquilla,Colombia,10.964,-74.796,26.0,25.3,61,19,Clear,2026-03-23 20:34:35,113
Barranquilla,Colombia,10.964,-74.796,24.1,23.6,69,19,Overcast,2026-04-04 02:34:35,122
Medellin,Colombia,6.291,-75.536,23.1,24.0,65,4,Patchy rain nearby,2026-04-02 00:10:35,176
Cartagena,Colombia,10.400,-75.514,27.3,26.9,72,18,Light rain,2026-03-16 19:22:35,296
Cali,Colombia,3.437,-76.523,32.0,32.1,61,11,Light rain,2026-03-27 03:46:35,296
Cartagena,Colombia,10.400,-75.514,33.7,33.8,73,14,Light rain,2026-04-03 12:10:35,296
Barranquilla,Colombia,10.964,-74.796,29.6,28.7,74,24,Clear,2026-04-03 19:22:35,113
Bogota,Colombia,4.600,-74.083,18.6,19.2,91,12,Clear,2026-03-23 06:10:35,113
Barranquilla,Colombia,10.964,-74.796,35.6,35.5,69,15,Overcast,2026-03-17 16:58:35,122
Medellin,Colombia,6.291,-75.536,25.5,25.1,58,16,Sunny,2026-03-26 06:10:35,113
Bogota,Colombia,4.600,-74.083,19.0,18.9,83,18,Partly cloudy,2026-03-27 21:46:35,116
Medellin,Colombia,6.291,-75.536,21.5,21.0,75,20,Patchy rain nearby,2026-03-18 14:34:35,176
Barranquilla,Colombia,10.964,-74.796,33.0,30.9,65,34,Patchy rain nearby,2026-03-23 06:10:35,176
Barranquilla,Colombia,10.964,-74.796,34.3,33.7,62,18,Partly cloudy,2026-04-02 00:10:35,116
Bogota,Colombia,4.600,-74.083,18.2,18.8,93,13,Light rain,2026-04-01 06:10:35,296
Medellin,Colombia,6.291,-75.536,20.4,19.9,83,22,Patchy rain nearby,2026-04-06 08:34:35,176
Cartagena,Colombia,10.400,-75.514,30.1,28.4,75,32,Partly cloudy,2026-04-07 09:46:35,116
Cartagena,Colombia,10.400,-75.514,26.6,25.1,64,28,Partly cloudy,2026-03-25 04:58:35,116
Cali,Colombia,3.437,-76.523,30.0,29.3,61,19,Overcast,2026-04-10 16:58:35,122
Medellin,Colombia,6.291,-75.536,20.9,20.7,69,16,Patchy rain nearby,2026-03-12 21:46:35,176
Bogota,Colombia,4.600,-74.083,19.1,18.8,81,19,Light rain,2026-03-27 14:34:35,296
Medellin,Colombia,6.291,-75.536,27.6,26.9,63,20,Partly cloudy,2026-03-21 00:10:35,116
Bogota,Colombia,4.600,-74.083,11.6,11.1,74,20,Partly cloudy,2026-03-22 19:22:35,116
Barranquilla,Colombia,10.964,-74.796,24.8,24.2,70,20,Overcast,2026-04-03 08:34:35,122
Medellin,Colombia,6.291,-75.536,20.5,21.3,58,4,Sunny,2026-03-27 03:46:35,113
Cartagena,Colombia,10.400,-75.514,29.1,28.4,74,22,Clear,2026-04-04 13:22:35,113
Cartagena,Colombia,10.400,-75.514,33.0,32.0,87,27,Light rain,2026-04-11 07:22:35,296
Barranquilla,Colombia,10.964,-74.796,29.9,29.0,61,21,Patchy rain nearby,2026-03-21 14:34:35,176
Cali,Colombia,3.437,-76.523,21.3,21.5,50,8,Clear,2026-03-23 09:46:35,113
Cali,Colombia,3.437,-76.523,26.2,27.2,64,3,Light rain,2026-04-05 21:46:35,296
Cartagena,Colombia,10.400,-75.514,29.9,29.4,67,18,Patchy rain nearby,2026-03-18 10:58:35,176
Cali,Colombia,3.437,-76.523,21.3,21.9,52,4,Clear,2026-04-08 14:34:35,113
Barranquilla,Colombia,10.964,-74.796,25.1,24.1,86,27,Light rain,2026-03-25 15:46:35,296
Bogota,Colombia,4.600,-74.083,10.1,10.9,67,5,Patchy rain nearby,2026-04-09 08:34:35,176
Cartagena,Colombia,10.400,-75.514,27.1,25.6,86,32,Overcast,2026-03-29 13:22:35,122
Cartagena,Colombia,10.400,-75.514,28.0,27.1,83,26,Sunny,2026-04-11 00:10:35,113
Medellin,Colombia,6.291,-75.536,26.3,25.6,76,22,Sunny,2026-03-21 07:22:35,113
Barranquilla,Colombia,10.964,-74.796,31.1,31.1,84,17,Clear,2026-03-17 06:10:35,113
Cartagena,Colombia,10.400,-75.514,32.4,30.9,62,27,Overcast,2026-04-01 06:10:35,122
Cartagena,Colombia,10.400,-75.514,31.1,30.4,65,20,Overcast,2026-04-03 01:22:35,122
Cartagena,Colombia,10.400,-75.514,33.6,32.5,72,25,Light rain,2026-04-08 03:46:35,296
Bogota,Colombia,4.600,-74.083,10.0,9.8,83,19,Partly cloudy,2026-04-03 08:34:35,116
Cali,Colombia,3.437,-76.523,28.7,28.1,61,18,Light rain,2026-03-31 04:58:35,296
Barranquilla,Colombia,10.964,-74.796,31.4,29.6,82,34,Patchy rain nearby,2026-03-21 18:10:35,176
Cali,Colombia,3.437,-76.523,22.8,23.2,64,9,Sunny,2026-03-15 21:46:35,113
Medellin,Colombia,6.291,-75.536,26.4,25.9,63,18,Patchy rain nearby,2026-03-15 00:10:35,176
Medellin,Colombia,6.291,-75.536,22.7,23.3,74,9,Clear,2026-04-04 09:46:35,113
Barranquilla,Colombia,10.964,-74.796,28.5,26.6,72,33,Clear,2026-04-03 01:22:35,113
Cartagena,Colombia,10.400,-75.514,28.3,27.9,87,21,Patchy rain nearby,2026-03-21 18:10:35,176
Cartagena,Colombia,10.400,-75.514,30.6,30.6,63,13,Overcast,2026-03-22 19:22:35,122
Medellin,Colombia,6.291,-75.536,16.6,16.6,57,11,Patchy rain nearby,2026-03-29 09:46:35,176
Bogota,Colombia,4.600,-74.083,19.7,19.3,89,22,Partly cloudy,2026-03-25 15:46:35,116
Cali,Colombia,3.437,-76.523,31.0,30.6,66,17,Patchy rain nearby,2026-04-05 14:34:35,176
Cartagena,Colombia,10.400,-75.514,33.3,31.7,80,32,Clear,2026-03-21 07:22:35,113
Cali,Colombia,3.437,-76.523,23.5,23.2,63,16,Clear,2026-03-13 01:22:35,113
Barranquilla,Colombia,10.964,-74.796,34.9,34.0,86,26,Clear,2026-03-14 02:34:35,113
Cartagena,Colombia,10.400,-75.514,33.7,34.0,78,13,Clear,2026-04-04 09:46:35,113
Cartagena,Colombia,10.400,-75.514,29.4,27.5,61,31,Sunny,2026-04-07 13:22:35,113
Bogota,Colombia,4.600,-74.083,18.8,19.5,78,9,Partly cloudy,2026-03-18 21:46:35,116
Bogota,Colombia,4.600,-74.083,9.0,9.2,69,12,Clear,2026-03-31 12:10:35,113
Bogota,Colombia,4.600,-74.083,14.8,14.4,71,18,Overcast,2026-04-03 04:58:35,122
Cali,Colombia,3.437,-76.523,31.3,30.8,60,17,Patchy rain nearby,2026-04-06 19:22:35,176
Cali,Colombia,3.437,-76.523,28.6,29.3,58,5,Clear,2026-04-06 12:10:35,113
Bogota,Colombia,4.600,-74.083,10.3,9.8,67,18,Overcast,2026-03-14 06:10:35,122
Medellin,Colombia,6.291,-75.536,22.4,22.5,73,14,Light rain,2026-04-08 21:46:35,296
Barranquilla,Colombia,10.964,-74.796,31.8,30.8,69,24,Light rain,2026-03-22 01:22:35,296
Barranquilla,Colombia,10.964,-74.796,27.9,27.9,73,15,Clear,2026-04-03 12:10:35,113
Barranquilla,Colombia,10.964,-74.796,25.5,24.8,82,23,Partly cloudy,2026-03-26 13:22:35,116
Medellin,Colombia,6.291,-75.536,26.0,26.7,63,6,Light rain,2026-03-28 08:34:35,296
Bogota,Colombia,4.600,-74.083,8.3,8.0,74,18,Patchy rain nearby,2026-04-03 15:46:35,176
Barranquilla,Colombia,10.964,-74.796,26.5,25.0,79,31,Partly cloudy,2026-03-19 22:58:35,116
Medellin,Colombia,6.291,-75.536,20.2,21.1,71,5,Overcast,2026-03-27 21:46:35,122
Cali,Colombia,3.437,-76.523,31.5,30.5,53,21,Patchy rain nearby,2026-04-05 07:22:35,176
Cali,Colombia,3.437,-76.523,31.1,30.6,65,18,Light rain,2026-03-12 14:34:35,296
Cartagena,Colombia,10.400,-75.514,24.4,23.3,64,24,Sunny,2026-03-19 22:58:35,113
Bogota,Colombia,4.600,-74.083,11.3,11.9,93,13,Partly cloudy,2026-04-02 10:58:35,116
Cartagena,Colombia,10.400,-75.514,30.3,29.0,85,30,Light rain,2026-04-03 04:58:35,296
Cartagena,Colombia,10.400,-75.514,23.6,22.5,85,28,Clear,2026-03-23 09:46:35,113
Bogota,Colombia,4.600,-74.083,10.2,9.6,71,20,Overcast,2026-04-05 14:34:35,122
Cali,Colombia,3.437,-76.523,20.5,21.8,78,3,Patchy rain nearby,2026-03-25 08:34:35,176
Bogota,Colombia,4.600,-74.083,17.1,18.0,80,7,Light rain,2026-03-17 06:10:35,296
Barranquilla,Colombia,10.964,-74.796,33.7,32.7,74,25,Sunny,2026-03-24 00:10:35,113
Cali,Colombia,3.437,-76.523,28.3,29.3,60,2,Overcast,2026-03-13 04:58:35,122
Cartagena,Colombia,10.400,-75.514,33.7,34.0,89,15,Light rain,2026-03-27 18:10:35,296
Cali,Colombia,3.437,-76.523,29.8,29.8,78,16,Clear,2026-03-19 19:22:35,113
Barranquilla,Colombia,10.964,-74.796,27.0,26.2,86,25,Partly cloudy,2026-04-09 01:22:35,116
Medellin,Colombia,6.291,-75.536,19.9,20.6,59,5,Sunny,2026-03-25 19:22:35,113
Bogota,Colombia,4.600,-74.083,10.2,10.0,92,20,Patchy rain nearby,2026-03-25 19:22:35,176
Barranquilla,Colombia,10.964,-74.796,33.4,32.7,66,20,Patchy rain nearby,2026-03-15 18:10:35,176
Cartagena,Colombia,10.400,-75.514,23.6,22.4,66,25,Patchy rain nearby,2026-04-04 20:34:35,176
Cartagena,Colombia,10.400,-75.514,32.8,32.4,69,18,Patchy rain nearby,2026-03-21 03:46:35,176
Medellin,Colombia,6.291,-75.536,26.0,26.7,57,4,Light rain,2026-03-27 00:10:35,296
Bogota,Colombia,4.600,-74.083,15.9,16.2,78,13,Clear,2026-03-28 19:22:35,113
Cali,Colombia,3.437,-76.523,21.8,21.8,72,14,Patchy rain nearby,2026-03-29 16:58:35,176
Cartagena,Colombia,10.400,-75.514,25.7,24.2,70,29,Overcast,2026-04-06 08:34:35,122
Cartagena,Colombia,10.400,-75.514,33.5,32.4,75,26,Sunny,2026-04-03 22:58:35,113
Barranquilla,Colombia,10.964,-74.796,35.2,33.2,60,32,Sunny,2026-03-30 03:46:35,113
Bogota,Colombia,4.600,-74.083,11.3,11.4,79,15,Light rain,2026-03-19 12:10:35,296
Cali,Colombia,3.437,-76.523,20.4,19.5,58,21,Patchy rain nearby,2026-04-11 10:58:35,176
Barranquilla,Colombia,10.964,-74.796,28.9,27.0,73,34,Clear,2026-04-06 01:22:35,113
Barranquilla,Colombia,10.964,-74.796,24.3,22.2,58,33,Patchy rain nearby,2026-04-07 16:58:35,176
Bogota,Colombia,4.600,-74.083,9.4,10.3,91,9,Sunny,2026-03-22 04:58:35,113
Cartagena,Colombia,10.400,-75.514,28.3,27.8,63,18,Light rain,2026-03-30 18:10:35,296
Barranquilla,Colombia,10.964,-74.796,34.7,34.5,77,17,Light rain,2026-04-02 03:46:35,296
Barranquilla,Colombia,10.964,-74.796,25.4,24.9,66,18,Light rain,2026-03-21 00:10:35,296
Bogota,Colombia,4.600,-74.083,16.4,17.1,75,8,Overcast,2026-03-13 12:10:35,122
Cali,Colombia,3.437,-76.523,28.1,28.8,73,8,Patchy rain nearby,2026-04-03 15:46:35,176
Bogota,Colombia,4.600,-74.083,17.8,18.3,91,13,Sunny,2026-03-30 18:10:35,113
Barranquilla,Colombia,10.964,-74.796,35.6,34.8,81,24,Overcast,2026-03-25 22:58:35,122
Medellin,Colombia,6.291,-75.536,21.2,21.4,67,11,Patchy rain nearby,2026-04-11 07:22:35,176
Bogota,Colombia,4.600,-74.083,16.3,16.6,71,11,Partly cloudy,2026-03-15 03:46:35,116
Medellin,Colombia,6.291,-75.536,19.5,18.6,67,22,Clear,2026-03-31 01:22:35,113
Cali,Colombia,3.437,-76.523,21.7,22.4,75,8,Overcast,2026-03-19 01:22:35,122
Cali,Colombia,3.437,-76.523,21.4,21.3,73,16,Clear,2026-03-14 16:58:35,113
Barranquilla,Colombia,10.964,-74.796,25.9,24.0,73,34,Clear,2026-03-19 08:34:35,113
Cali,Colombia,3.437,-76.523,20.5,20.1,71,18,Sunny,2026-03-21 18:10:35,113
Medellin,Colombia,6.291,-75.536,26.4,27.2,64,5,Overcast,2026-04-11 03:46:35,122
Cali,Colombia,3.437,-76.523,30.8,31.8,63,3,Light rain,2026-03-15 03:46:35,296
Medellin,Colombia,6.291,-75.536,25.9,26.6,82,9,Patchy rain nearby,2026-03-22 04:58:35,176
Medellin,Colombia,6.291,-75.536,25.0,26.0,68,4,Light rain,2026-03-17 13:22:35,296
Cali,Colombia,3.437,-76.523,30.7,31.6,77,6,Light rain,2026-04-09 19:22:35,296
Bogota,Colombia,4.600,-74.083,13.3,13.8,81,11,Light rain,2026-03-23 09:46:35,296
Cali,Colombia,3.437,-76.523,25.9,26.2,77,12,Light rain,2026-04-07 06:10:35,296
Medellin,Colombia,6.291,-75.536,21.6,20.9,57,18,Clear,2026-03-21 03:46:35,113
Cartagena,Colombia,10.400,-75.514,30.7,30.3,86,21,Overcast,2026-03-14 13:22:35,122
Bogota,Colombia,4.600,-74.083,18.3,19.1,94,11,Sunny,2026-04-08 21:46:35,113
Bogota,Colombia,4.600,-74.083,19.6,19.3,92,21,Clear,2026-03-20 20:34:35,113
Bogota,Colombia,4.600,-74.083,16.9,17.3,69,10,Clear,2026-03-23 20:34:35,113
Bogota,Colombia,4.600,-74.083,17.6,17.3,90,21,Overcast,2026-03-25 22:58:35,122
Bogota,Colombia,4.600,-74.083,17.2,17.2,68,14,Sunny,2026-03-18 07:22:35,113
Cartagena,Colombia,10.400,-75.514,29.0,27.8,78,28,Sunny,2026-03-31 12:10:35,113
Barranquilla,Colombia,10.964,-74.796,30.3,28.2,64,34,Light rain,2026-04-01 16:58:35,296
Cali,Colombia,3.437,-76.523,26.3,26.0,71,17,Patchy rain nearby,2026-03-23 02:34:35,176
Bogota,Colombia,4.600,-74.083,13.9,13.4,87,22,Clear,2026-03-16 04:58:35,113
Cartagena,Colombia,10.400,-75.514,29.6,29.5,71,15,Clear,2026-04-06 12:10:35,113
Barranquilla,Colombia,10.964,-74.796,32.3,31.8,71,19,Partly cloudy,2026-03-27 21:46:35,116
Barranquilla,Colombia,10.964,-74.796,29.4,27.6,70,32,Partly cloudy,2026-04-06 04:58:35,116
Bogota,Colombia,4.600,-74.083,14.3,14.4,85,16,Light rain,2026-03-23 13:22:35,296
Cartagena,Colombia,10.400,-75.514,31.0,30.6,84,21,Sunny,2026-03-18 00:10:35,113
Barranquilla,Colombia,10.964,-74.796,25.6,23.8,81,34,Sunny,2026-03-21 21:46:35,113
Cali,Colombia,3.437,-76.523,21.3,22.0,57,4,Patchy rain nearby,2026-03-19 08:34:35,176
Barranquilla,Colombia,10.964,-74.796,35.0,33.2,57,29,Sunny,2026-04-10 13:22:35,113
Barranquilla,Colombia,10.964,-74.796,26.8,26.0,64,21,Patchy rain nearby,2026-04-05 10:58:35,176
Barranquilla,Colombia,10.964,-74.796,35.5,35.6,80,15,Partly cloudy,2026-03-30 10:58:35,116
Cartagena,Colombia,10.400,-75.514,32.4,31.7,78,23,Patchy rain nearby,2026-03-19 19:22:35,176
Cartagena,Colombia,10.400,-75.514,33.3,32.3,79,26,Overcast,2026-03-23 13:22:35,122
Medellin,Colombia,6.291,-75.536,24.5,25.5,64,3,Patchy rain nearby,2026-03-14 02:34:35,176
Bogota,Colombia,4.600,-74.083,15.4,15.4,74,15,Partly cloudy,2026-03-28 12:10:35,116
Cartagena,Colombia,10.400,-75.514,33.7,33.4,69,17,Light rain,2026-03-20 20:34:35,296
Cali,Colombia,3.437,-76.523,26.0,25.1,55,20,Clear,2026-03-17 16:58:35,113
Barranquilla,Colombia,10.964,-74.796,32.3,30.5,81,34,Patchy rain nearby,2026-03-27 18:10:35,176
Cartagena,Colombia,10.400,-75.514,27.0,25.6,60,26,Partly cloudy,2026-03-31 22:58:35,116
Cartagena,Colombia,10.400,-75.514,29.7,29.1,79,22,Overcast,2026-04-05 18:10:35,122
Barranquilla,Colombia,10.964,-74.796,35.2,34.3,79,25,Sunny,2026-03-19 04:58:35,113
Barranquilla,Colombia,10.964,-74.796,29.5,28.3,71,26,Light rain,2026-03-25 12:10:35,296
Medellin,Colombia,6.291,-75.536,18.3,18.0,72,17,Clear,2026-03-14 20:34:35,113
Bogota,Colombia,4.600,-74.083,11.8,12.5,72,7,Light rain,2026-03-22 15:46:35,296
Barranquilla,Colombia,10.964,-74.796,29.7,28.3,70,28,Overcast,2026-03-18 18:10:35,122
Bogota,Colombia,4.600,-74.083,9.2,9.5,76,12,Overcast,2026-03-13 15:46:35,122
Cali,Colombia,3.437,-76.523,26.7,26.9,51,8,Light rain,2026-04-03 12:10:35,296
Cali,Colombia,3.437,-76.523,21.7,22.7,63,3,Patchy rain nearby,2026-04-04 02:34:35,176
Barranquilla,Colombia,10.964,-74.796,28.3,26.8,82,31,Clear,2026-04-10 06:10:35,113
Bogota,Colombia,4.600,-74.083,15.1,15.2,87,16,Partly cloudy,2026-04-07 06:10:35,116
Bogota,Colombia,4.600,-74.083,13.2,14.4,94,7,Sunny,2026-03-27 07:22:35,113
Bogota,Colombia,4.600,-74.083,18.8,19.3,71,9,Partly cloudy,2026-03-25 04:58:35,116
Cartagena,Colombia,10.400,-75.514,31.8,30.1,77,32,Clear,2026-03-25 19:22:35,113
Cartagena,Colombia,10.400,-75.514,25.2,24.5,62,19,Clear,2026-03-27 21:46:35,113
Bogota,Colombia,4.600,-74.083,20.0,20.7,85,10,Partly cloudy,2026-04-11 03:46:35,116
Barranquilla,Colombia,10.964,-74.796,33.3,32.2,71,25,Sunny,2026-03-22 15:46:35,113
Medellin,Colombia,6.291,-75.536,22.9,22.6,79,19,Sunny,2026-03-28 01:22:35,113
Bogota,Colombia,4.600,-74.083,8.1,9.2,86,6,Partly cloudy,2026-03-19 04:58:35,116
Cali,Colombia,3.437,-76.523,31.5,31.1,77,19,Partly cloudy,2026-03-27 07:22:35,116
Cartagena,Colombia,10.400,-75.514,33.5,33.4,69,15,Sunny,2026-03-29 02:34:35,113
Cali,Colombia,3.437,-76.523,23.9,24.8,65,4,Clear,2026-03-30 14:34:35,113
Cartagena,Colombia,10.400,-75.514,27.1,25.9,89,30,Light rain,2026-03-15 21:46:35,296
Cartagena,Colombia,10.400,-75.514,30.0,29.1,88,27,Light rain,2026-04-09 12:10:35,296
Medellin,Colombia,6.291,-75.536,17.7,17.5,67,15,Clear,2026-04-09 01:22:35,113
Barranquilla,Colombia,10.964,-74.796,30.4,28.6,80,34,Clear,2026-04-09 19:22:35,113
Cartagena,Colombia,10.400,-75.514,32.6,31.7,80,25,Partly cloudy,2026-03-18 18:10:35,116
Cali,Colombia,3.437,-76.523,31.6,30.9,61,19,Patchy rain nearby,2026-03-31 22:58:35,176
Bogota,Colombia,4.600,-74.083,15.5,16.0,88,13,Partly cloudy,2026-03-16 08:34:35,116
Medellin,Colombia,6.291,-75.536,23.6,24.1,71,9,Sunny,2026-03-25 22:58:35,113
Barranquilla,Colombia,10.964,-74.796,32.9,32.2,69,21,Patchy rain nearby,2026-04-02 18:10:35,176
Cali,Colombia,3.437,-76.523,30.2,29.6,52,16,Clear,2026-04-04 13:22:35,113
Medellin,Colombia,6.291,-75.536,24.1,24.0,69,15,Sunny,2026-03-21 21:46:35,113
Medellin,Colombia,6.291,-75.536,22.2,22.6,84,13,Overcast,2026-04-10 20:34:35,122
Bogota,Colombia,4.600,-74.083,16.3,15.9,91,22,Partly cloudy,2026-03-30 00:10:35,116
Cartagena,Colombia,10.400,-75.514,31.6,30.7,61,21,Patchy rain nearby,2026-03-14 20:34:35,176
Medellin,Colombia,6.291,-75.536,17.6,18.0,65,9,Light rain,2026-04-10 02:34:35,296
Medellin,Colombia,6.291,-75.536,23.6,24.4,70,6,Overcast,2026-03-31 19:22:35,122
Barranquilla,Colombia,10.964,-74.796,32.7,32.0,79,23,Partly cloudy,2026-03-27 07:22:35,116
Cartagena,Colombia,10.400,-75.514,28.9,27.9,84,27,Patchy rain nearby,2026-04-06 15:46:35,176
Medellin,Colombia,6.291,-75.536,23.6,23.5,73,16,Light rain,2026-03-19 22:58:35,296
Barranquilla,Colombia,10.964,-74.796,30.9,30.1,70,22,Light rain,2026-03-18 00:10:35,296
Barranquilla,Colombia,10.964,-74.796,29.4,28.3,74,26,Sunny,2026-03-16 19:22:35,113
Barranquilla,Colombia,10.964,-74.796,25.7,24.5,68,26,Sunny,2026-03-21 03:46:35,113
Medellin,Colombia,6.291,-75.536,20.7,19.8,55,20,Light rain,2026-03-19 12:10:35,296
Cali,Colombia,3.437,-76.523,24.4,24.7,58,9,Patchy rain nearby,2026-03-21 00:10:35,176
Medellin,Colombia,6.291,-75.536,26.9,26.4,57,16,Sunny,2026-04-04 16:58:35,113
Barranquilla,Colombia,10.964,-74.796,29.4,27.7,76,32,Partly cloudy,2026-03-25 04:58:35,116
Bogota,Colombia,4.600,-74.083,17.3,16.6,71,21,Light rain,2026-03-30 03:46:35,296
Bogota,Colombia,4.600,-74.083,9.5,10.7,92,6,Overcast,2026-03-13 22:58:35,122
Barranquilla,Colombia,10.964,-74.796,34.1,33.9,71,16,Partly cloudy,2026-03-22 04:58:35,116
Cartagena,Colombia,10.400,-75.514,24.8,23.9,80,25,Overcast,2026-03-30 21:46:35,122
Cartagena,Colombia,10.400,-75.514,34.7,34.9,84,15,Patchy rain nearby,2026-03-19 01:22:35,176
Cali,Colombia,3.437,-76.523,21.6,22.7,68,3,Clear,2026-04-07 16:58:35,113
Cali,Colombia,3.437,-76.523,27.9,28.7,72,6,Sunny,2026-03-25 12:10:35,113
Cali,Colombia,3.437,-76.523,22.8,22.2,76,21,Sunny,2026-04-03 01:22:35,113
Barranquilla,Colombia,10.964,-74.796,30.8,29.6,76,27,Overcast,2026-03-17 13:22:35,122
Barranquilla,Colombia,10.964,-74.796,30.6,30.1,59,17,Clear,2026-04-07 02:34:35,113
Medellin,Colombia,6.291,-75.536,21.7,22.3,82,10,Light rain,2026-03-16 01:22:35,296
Medellin,Colombia,6.291,-75.536,27.6,28.1,73,10,Sunny,2026-03-27 14:34:35,113
Medellin,Colombia,6.291,-75.536,22.7,22.0,58,19,Partly cloudy,2026-04-06 22:58:35,116
Cartagena,Colombia,10.400,-75.514,34.7,34.0,70,21,Clear,2026-03-31 15:46:35,113
Medellin,Colombia,6.291,-75.536,22.1,22.1,68,14,Light rain,2026-04-02 10:58:35,296
Barranquilla,Colombia,10.964,-74.796,33.8,32.0,61,30,Patchy rain nearby,2026-03-24 10:58:35,176
Medellin,Colombia,6.291,-75.536,19.4,19.3,63,14,Light rain,2026-03-15 07:22:35,296
Cartagena,Colombia,10.400,-75.514,32.1,30.6,65,28,Patchy rain nearby,2026-03-28 04:58:35,176
Medellin,Colombia,6.291,-75.536,26.5,26.6,68,13,Patchy rain nearby,2026-03-16 12:10:35,176
Medellin,Colombia,6.291,-75.536,17.9,17.4,63,18,Sunny,2026-04-05 03:46:35,113
Bogota,Colombia,4.600,-74.083,19.6,19.4,73,17,Patchy rain nearby,2026-03-26 16:58:35,176
Cali,Colombia,3.437,-76.523,20.3,20.2,55,12,Sunny,2026-03-14 13:22:35,113
Cali,Colombia,3.437,-76.523,25.7,26.4,75,8,Light rain,2026-04-03 22:58:35,296
Cali,Colombia,3.437,-76.523,28.1,28.6,56,6,Overcast,2026-04-05 00:10:35,122
Cali,Colombia,3.437,-76.523,28.6,28.2,65,17,Sunny,2026-03-16 08:34:35,113
Bogota,Colombia,4.600,-74.083,12.9,13.6,81,9,Patchy rain nearby,2026-04-06 01:22:35,176
Cali,Colombia,3.437,-76.523,30.5,30.5,52,10,Light rain,2026-03-30 03:46:35,296
Cartagena,Colombia,10.400,-75.514,32.4,31.3,66,24,Clear,2026-03-13 08:34:35,113
Bogota,Colombia,4.600,-74.083,8.1,8.2,83,16,Partly cloudy,2026-03-22 22:58:35,116
Cali,Colombia,3.437,-76.523,28.7,29.6,56,2,Partly cloudy,2026-04-01 13:22:35,116
Bogota,Colombia,4.600,-74.083,10.8,10.2,72,20,Sunny,2026-04-09 19:22:35,113
Medellin,Colombia,6.291,-75.536,17.5,18.3,83,9,Partly cloudy,2026-03-16 08:34:35,116
Cali,Colombia,3.437,-76.523,22.9,22.6,52,13,Patchy rain nearby,2026-04-02 07:22:35,176
Medellin,Colombia,6.291,-75.536,17.1,18.0,80,7,Sunny,2026-03-31 08:34:35,113
Barranquilla,Colombia,10.964,-74.796,35.1,35.0,86,18,Overcast,2026-03-31 04:58:35,122
Cartagena,Colombia,10.400,-75.514,27.0,25.2,69,32,Light rain,2026-03-12 21:46:35,296
Bogota,Colombia,4.600,-74.083,9.2,10.0,91,10,Partly cloudy,2026-03-23 16:58:35,116
Medellin,Colombia,6.291,-75.536,25.2,25.5,78,13,Patchy rain nearby,2026-04-06 12:10:35,176
Cali,Colombia,3.437,-76.523,25.6,25.1,75,20,Overcast,2026-04-06 01:22:35,122
Cali,Colombia,3.437,-76.523,20.1,20.1,55,11,Patchy rain nearby,2026-04-09 12:10:35,176
Cartagena,Colombia,10.400,-75.514,33.2,32.5,83,24,Clear,2026-03-13 19:22:35,113
Cali,Colombia,3.437,-76.523,22.3,22.9,53,5,Patchy rain nearby,2026-03-27 21:46:35,176
Medellin,Colombia,6.291,-75.536,24.9,26.2,84,4,Sunny,2026-03-28 19:22:35,113
Barranquilla,Colombia,10.964,-74.796,30.5,28.9,66,29,Overcast,2026-03-24 03:46:35,122
Cartagena,Colombia,10.400,-75.514,32.5,31.0,61,27,Patchy rain nearby,2026-03-22 01:22:35,176
Barranquilla,Colombia,10.964,-74.796,24.4,23.2,86,29,Sunny,2026-03-17 02:34:35,113
Barranquilla,Colombia,10.964,-74.796,28.1,27.2,80,25,Overcast,2026-03-18 14:34:35,122
Cartagena,Colombia,10.400,-75.514,23.9,23.7,74,17,Overcast,2026-04-04 16:58:35,122
Barranquilla,Colombia,10.964,-74.796,26.8,25.2,66,29,Overcast,2026-04-10 09:46:35,122
Bogota,Colombia,4.600,-74.083,10.3,10.6,78,13,Overcast,2026-03-20 09:46:35,122
Barranquilla,Colombia,10.964,-74.796,32.2,31.4,62,20,Overcast,2026-03-14 06:10:35,122
Medellin,Colombia,6.291,-75.536,18.8,19.4,59,6,Sunny,2026-04-01 02:34:35,113
Cartagena,Colombia,10.400,-75.514,24.1,24.0,79,17,Overcast,2026-04-04 02:34:35,122
Bogota,Colombia,4.600,-74.083,11.2,10.9,90,21,Partly cloudy,2026-04-05 03:46:35,116
Bogota,Colombia,4.600,-74.083,19.1,19.0,87,18,Light rain,2026-03-18 14:34:35,296
Bogota,Colombia,4.600,-74.083,11.3,10.9,78,20,Sunny,2026-04-05 07:22:35,113
Cartagena,Colombia,10.400,-75.514,27.9,28.1,76,13,Partly cloudy,2026-04-05 10:58:35,116
Barranquilla,Colombia,10.964,-74.796,31.7,30.7,66,23,Clear,2026-03-31 12:10:35,113
Cali,Colombia,3.437,-76.523,30.9,31.2,60,9,Light rain,2026-03-24 03:46:35,296
Medellin,Colombia,6.291,-75.536,23.7,25.0,84,4,Sunny,2026-04-02 07:22:35,113
Bogota,Colombia,4.600,-74.083,11.3,11.1,91,20,Clear,2026-03-13 08:34:35,113
Medellin,Colombia,6.291,-75.536,23.0,22.5,79,21,Partly cloudy,2026-03-21 18:10:35,116
Cartagena,Colombia,10.400,-75.514,26.0,24.4,73,31,Light rain,2026-03-22 12:10:35,296
Cali,Colombia,3.437,-76.523,29.2,29.9,78,9,Overcast,2026-04-11 07:22:35,122
Bogota,Colombia,4.600,-74.083,15.8,15.4,79,20,Partly cloudy,2026-04-06 04:58:35,116
Bogota,Colombia,4.600,-74.083,10.6,11.7,78,5,Overcast,2026-04-01 13:22:35,122
Medellin,Colombia,6.291,-75.536,16.4,16.6,66,11,Clear,2026-03-23 02:34:35,113
Cali,Colombia,3.437,-76.523,31.6,31.9,69,11,Clear,2026-04-06 22:58:35,113
Medellin,Colombia,6.291,-75.536,22.3,21.5,68,22,Partly cloudy,2026-03-25 08:34:35,116
Cali,Colombia,3.437,-76.523,27.8,28.3,73,10,Light rain,2026-03-18 07:22:35,296
Bogota,Colombia,4.600,-74.083,11.7,11.9,94,17,Patchy rain nearby,2026-03-18 18:10:35,176
Medellin,Colombia,6.291,-75.536,25.4,26.5,70,3,Patchy rain nearby,2026-04-09 12:10:35,176
Bogota,Colombia,4.600,-74.083,13.4,12.6,69,22,Patchy rain nearby,2026-03-30 21:46:35,176
Cali,Colombia,3.437,-76.523,20.8,20.4,79,20,Partly cloudy,2026-03-31 12:10:35,116
Barranquilla,Colombia,10.964,-74.796,24.0,22.4,76,31,Light rain,2026-04-04 09:46:35,296
Bogota,Colombia,4.600,-74.083,9.4,9.3,66,14,Sunny,2026-04-08 03:46:35,113
Cartagena,Colombia,10.400,-75.514,26.9,26.2,63,20,Patchy rain nearby,2026-04-09 08:34:35,176
Bogota,Colombia,4.600,-74.083,8.9,9.2,69,11,Light rain,2026-04-10 06:10:35,296
Bogota,Colombia,4.600,-74.083,16.6,16.3,71,17,Overcast,2026-03-24 00:10:35,122
Barranquilla,Colombia,10.964,-74.796,32.4,31.1,57,24,Clear,2026-03-27 10:58:35,113
Bogota,Colombia,4.600,-74.083,17.3,16.5,76,23,Overcast,2026-04-08 18:10:35,122
Cali,Colombia,3.437,-76.523,29.5,28.7,60,20,Clear,2026-03-21 10:58:35,113
Medellin,Colombia,6.291,-75.536,22.1,22.1,59,12,Partly cloudy,2026-03-27 18:10:35,116
Bogota,Colombia,4.600,-74.083,17.2,17.1,70,15,Patchy rain nearby,2026-04-11 07:22:35,176
Cartagena,Colombia,10.400,-75.514,32.0,31.9,85,18,Patchy rain nearby,2026-04-09 15:46:35,176
Barranquilla,Colombia,10.964,-74.796,35.0,33.2,66,31,Sunny,2026-04-02 21:46:35,113
Barranquilla,Colombia,10.964,-74.796,30.8,30.5,73,18,Patchy rain nearby,2026-04-10 16:58:35,176
