pais_codigo,pais_nombre,anio,pib_usd,crecimiento_pib_pct,pib_per_capita_usd,inflacion_pct,desempleo_pct,exportaciones_pct_pib,importaciones_pct_pib,fecha_extraccion,region,es_colombia
AR,Argentina,2000,284203750000.0,-0.78899893905691,7637.01489203628,,15.0,10.9863752325576,11.6360695451767,2026-03-05T21:35:13.377882,América Latina,False
AR,Argentina,2001,268696750000.0,-4.40883968258557,7141.47507662826,,17.32,11.5790080825317,10.2732473690136,2026-03-05T21:35:13.377882,América Latina,False
AR,Argentina,2002,97724004251.8602,-10.8944848285903,2569.69963519124,,19.59,28.3825969991682,13.370127359396,2026-03-05T21:35:13.377882,América Latina,False
AR,Argentina,2003,127586973492.177,8.83704079576924,3320.47775133903,,15.36,25.9309429264224,14.7138051046861,2026-03-05T21:35:13.377882,América Latina,False
AR,Argentina,2004,164657930452.787,9.02957330068152,4242.02099089422,,13.522,23.8476194239892,16.8450266849578,2026-03-05T21:35:13.377882,América Latina,False
AR,Argentina,2005,198737095012.282,8.85165992013437,5067.65342293276,,11.506,23.2458767338576,17.3053942367662,2026-03-05T21:35:13.377882,América Latina,False
AR,Argentina,2006,232557260817.308,8.04715150043027,5869.38028970204,,10.078,23.0266946038115,17.4067852681036,2026-03-05T21:35:13.377882,América Latina,False
AR,Argentina,2007,287530508430.568,9.00765087504757,7185.25155147027,,8.47,22.6627503115066,18.2824203070644,2026-03-05T21:35:13.377882,América Latina,False
AR,Argentina,2008,361558037110.419,4.05723310346406,8944.1102657357,,7.837,22.0609003826242,18.341772996414,2026-03-05T21:35:13.377882,América Latina,False
AR,Argentina,2009,332976484577.619,-5.91852507634947,8150.23527028221,,8.645,19.5609850560818,14.4961418494061,2026-03-05T21:35:13.377882,América Latina,False
AR,Argentina,2010,423627422092.49,10.1253981561002,10260.1313108254,,7.714,18.9338234053709,16.0371898581987,2026-03-05T21:35:13.377882,América Latina,False
AR,Argentina,2011,530158122010.442,6.00395169280579,12704.2831819684,,7.18,18.4492091453155,16.7569458546489,2026-03-05T21:35:13.377882,América Latina,False
AR,Argentina,2012,545982375701.128,-1.0264204544321,12949.717486654,,7.217,16.2378594620246,14.2886829096862,2026-03-05T21:35:13.377882,América Latina,False
AR,Argentina,2013,552025140252.246,2.40532378079436,12963.675773326,,7.1,14.6171733884386,14.7167556136651,2026-03-05T21:35:13.377882,América Latina,False
AR,Argentina,2014,526319673731.638,-2.51261532081394,12233.1444119186,,7.268,14.4054785893756,14.0013150558519,2026-03-05T21:35:13.377882,América Latina,False
AR,Argentina,2015,594749285413.212,2.73115982828944,13679.6264980954,,7.577,10.7056520504538,11.7805740385254,2026-03-05T21:35:13.377882,América Latina,False
AR,Argentina,2016,557532320662.955,-2.08032784377811,12699.9623137756,,8.088,12.5270951690009,13.5667926798789,2026-03-05T21:35:13.377882,América Latina,False
AR,Argentina,2017,643628393281.364,2.81850297775918,14532.5009308511,,8.347,11.3202833596733,13.9693177780045,2026-03-05T21:35:13.377882,América Latina,False
AR,Argentina,2018,524819892360.176,-2.61739646282038,11752.7998922979,34.2772237131003,9.22,14.4366857499034,16.3258502050892,2026-03-05T21:35:13.377882,América Latina,False
AR,Argentina,2019,447754683615.225,-2.00086100285785,9955.97478680428,53.5483043492339,9.843,17.9248783778462,14.7057366680037,2026-03-05T21:35:13.377882,América Latina,False
AR,Argentina,2020,385740508436.965,-9.9004848136464,8535.59938004389,42.0150947376509,11.461,16.6054144372484,13.5982843701675,2026-03-05T21:35:13.377882,América Latina,False
AR,Argentina,2021,486564085480.036,10.4418119882506,10738.0179223384,48.4093786255199,8.736,18.0667091690365,15.0119803984295,2026-03-05T21:35:13.377882,América Latina,False
AR,Argentina,2022,633993756301.08,6.02074537534855,13962.1894087223,72.430757531824,6.805,16.2816677253254,15.2985115353002,2026-03-05T21:35:13.377882,América Latina,False
AR,Argentina,2023,649461687959.174,-1.85578803046339,14261.8465667948,133.488935594175,6.139,12.8223120961047,13.8546391521167,2026-03-05T21:35:13.377882,América Latina,False
BR,Brazil,2000,,4.38794944364869,3766.54786339835,7.04414105947266,10.889,10.1880480058491,12.4517133531264,2026-03-05T21:35:13.377882,América Latina,False
BR,Brazil,2001,,1.3898964044581,3176.28975052524,6.84035902487523,10.649,12.3717106723871,14.5645743525559,2026-03-05T21:35:13.377882,América Latina,False
BR,Brazil,2002,,3.05346185683619,2855.94017137049,8.45016437708331,10.641,14.2305902741157,13.3877671336016,2026-03-05T21:35:13.377882,América Latina,False
BR,Brazil,2003,,1.14082899877101,3090.6068907839,14.7149197228147,11.168,15.1807837057459,12.959601015803,2026-03-05T21:35:13.377882,América Latina,False
BR,Brazil,2004,,5.75996463685998,3663.82262497811,6.59718509985963,10.072,16.5457615138976,13.1324909664519,2026-03-05T21:35:13.377882,América Latina,False
BR,Brazil,2005,,3.20213206216255,4827.78165890291,6.86953720898964,10.551,15.2438292651669,11.842965940081,2026-03-05T21:35:13.377882,América Latina,False
BR,Brazil,2006,,3.96198870899485,5934.14561857454,4.18356812896909,9.692,14.3743163021339,11.6673835858106,2026-03-05T21:35:13.377882,América Latina,False
BR,Brazil,2007,,6.06987060733128,7409.69003822861,3.64127299102652,9.28,13.3276751043,11.9649362714806,2026-03-05T21:35:13.377882,América Latina,False
BR,Brazil,2008,,5.09419544811998,8908.33338467948,5.67859390284168,8.268,13.534000513391,13.7235689032042,2026-03-05T21:35:13.377882,América Latina,False
BR,Brazil,2009,,-0.12581200299141,8678.6584730653,4.88803479876799,9.419,10.8513711350383,11.2546044710328,2026-03-05T21:35:13.377882,América Latina,False
BR,Brazil,2010,,7.52822581812151,11403.2840038694,5.03872690108075,8.42,10.8655847760176,11.9065933372032,2026-03-05T21:35:13.377882,América Latina,False
BR,Brazil,2011,,3.97442307944702,13396.6263158041,6.6364496221309,7.578,11.5825126792652,12.3518924972451,2026-03-05T21:35:13.377882,América Latina,False
BR,Brazil,2012,,1.92117598509462,12521.7238454434,5.40349914036997,7.251,11.8775390706917,13.2367345396404,2026-03-05T21:35:13.377882,América Latina,False
BR,Brazil,2013,,3.0048226702888,12458.8903396625,6.20431066640101,7.071,11.7422306467311,14.0437266814141,2026-03-05T21:35:13.377882,América Latina,False
BR,Brazil,2014,,0.503955740273241,12274.9941630213,6.32904015516139,6.755,11.0119428189165,13.6734629943755,2026-03-05T21:35:13.377882,América Latina,False
BR,Brazil,2015,,-3.54576339347278,8936.1955889444,9.02990102416136,8.538,12.9001914186486,14.0534345185884,2026-03-05T21:35:13.377882,América Latina,False
BR,Brazil,2016,,-3.2759169063211,8836.28546025694,8.73914352329393,11.58,12.4666790428125,12.0670030342632,2026-03-05T21:35:13.377882,América Latina,False
BR,Brazil,2017,,1.32286905390815,10080.5078722821,3.44637335032669,12.792,12.5189678705014,11.800766503667,2026-03-05T21:35:13.377882,América Latina,False
BR,Brazil,2018,,1.78366676137003,9300.66072904004,3.66485028376729,12.329,14.6349994958796,14.2412038802734,2026-03-05T21:35:13.377882,América Latina,False
BR,Brazil,2019,,1.22077782271943,9029.83304401079,3.73297621216894,11.936,14.1229191909095,14.7673386788259,2026-03-05T21:35:13.377882,América Latina,False
BR,Brazil,2020,,-3.27675879612903,7074.19407495707,3.21176803803376,13.697,16.4535520099709,15.8485265343782,2026-03-05T21:35:13.377882,América Latina,False
BR,Brazil,2021,,4.7626043797061,7972.53696080695,8.30165975585673,13.158,19.1094303686964,18.5469003905612,2026-03-05T21:35:13.377882,América Latina,False
BR,Brazil,2022,,3.01669435408112,9281.33282136864,9.28010608956873,9.231,19.6307650034838,19.1853009729483,2026-03-05T21:35:13.377882,América Latina,False
BR,Brazil,2023,,3.24165532813583,10377.5897719195,4.59356282283204,7.947,17.9693243032658,15.6969055268626,2026-03-05T21:35:13.377882,América Latina,False
CL,Chile,2000,78339750721.364,4.9716214882971,5052.99245766325,3.84327295706565,10.491,30.1237538780926,28.5881692096046,2026-03-05T21:35:13.377882,América Latina,False
CL,Chile,2001,71574739561.4329,3.15403492459967,4563.5952986689,3.56910053001467,10.39,31.8473112661696,30.2974557025949,2026-03-05T21:35:13.377882,América Latina,False
CL,Chile,2002,70264045939.2773,3.20279913520113,4430.84741157984,2.48939816650705,10.168,32.2572203545438,30.2266315470858,2026-03-05T21:35:13.377882,América Latina,False
CL,Chile,2003,76492579644.0605,4.72324526861041,4773.40177520754,2.8101787574361,9.765,35.0609745308001,30.6324450601049,2026-03-05T21:35:13.377882,América Latina,False
CL,Chile,2004,99075985773.6682,6.67425416822923,6120.59152055344,1.05473871403517,10.162,39.6857495120642,30.2036105411816,2026-03-05T21:35:13.377882,América Latina,False
CL,Chile,2005,122294145163.192,5.83704571917758,7480.32330998636,3.05257621387849,9.34,40.1755720109201,31.8869622271093,2026-03-05T21:35:13.377882,América Latina,False
CL,Chile,2006,153843518170.864,6.04999082563968,9318.65655296121,3.39201733699405,9.024,43.8656742009237,29.8459608439284,2026-03-05T21:35:13.377882,América Latina,False
CL,Chile,2007,172491076033.863,5.16823098528431,10346.4138184533,4.40779938398044,8.427,45.1298518955866,31.8471728185062,2026-03-05T21:35:13.377882,América Latina,False
CL,Chile,2008,179894594475.405,3.78939280635238,10683.2188772511,8.71626873039607,9.285,41.1625607908642,39.5140654497826,2026-03-05T21:35:13.377882,América Latina,False
CL,Chile,2009,171777900623.892,-1.11803723642878,10098.8017167286,0.353045178360937,11.313,37.1156347956721,29.5703961674697,2026-03-05T21:35:13.377882,América Latina,False
CL,Chile,2010,217051209238.534,5.85165102224047,12632.8704724192,1.41071107954321,8.547,37.9039943184914,31.8136858185424,2026-03-05T21:35:13.377882,América Latina,False
CL,Chile,2011,251382573893.87,6.22389678509138,14487.3927832032,3.34121694259302,7.492,37.6897802745717,34.7918625331617,2026-03-05T21:35:13.377882,América Latina,False
CL,Chile,2012,267024782486.855,6.15534001855494,15241.9069981119,3.00744840213047,6.79,33.8455905043756,34.3105523869584,2026-03-05T21:35:13.377882,América Latina,False
CL,Chile,2013,277395018842.417,3.30850824710085,15683.5486369155,1.7895555398459,6.361,32.087463589174,33.0558243632138,2026-03-05T21:35:13.377882,América Latina,False
CL,Chile,2014,259560978224.359,1.79264947139259,14529.6767206336,4.71867527854672,6.761,33.0039029664774,32.6307251554113,2026-03-05T21:35:13.377882,América Latina,False
CL,Chile,2015,242450355830.884,2.15194249981184,13433.9202987032,4.34877353217044,6.605,29.1910794903324,30.1580309871985,2026-03-05T21:35:13.377882,América Latina,False
CL,Chile,2016,249344863928.438,1.753038749071,13649.8520452803,3.78619355893118,6.926,27.9231581098221,28.1347029779502,2026-03-05T21:35:13.377882,América Latina,False
CL,Chile,2017,276154259981.097,1.35769537343957,14879.9086227187,2.18271846868519,7.257,28.3313768341631,27.6947821334076,2026-03-05T21:35:13.377882,América Latina,False
CL,Chile,2018,295857562991.709,3.99002947789977,15659.4808675628,2.43488981353057,7.623,28.5290447397579,29.6480058936791,2026-03-05T21:35:13.377882,América Latina,False
CL,Chile,2019,278285058719.466,0.634367533828438,14495.716721687,2.55754475703327,7.493,27.8746677570512,29.7370868110317,2026-03-05T21:35:13.377882,América Latina,False
CL,Chile,2020,254042159309.311,-6.14347479224092,13114.815470545,3.04549084804326,10.934,31.3303902428612,26.8524733201136,2026-03-05T21:35:13.377882,América Latina,False
CL,Chile,2021,315325547162.072,11.3149204879049,16206.8325493421,4.52456838259144,9.281,31.9927952679237,32.8846110558597,2026-03-05T21:35:13.377882,América Latina,False
CL,Chile,2022,301226575540.242,2.15399356192458,15405.6165774073,11.643866711056,8.249,35.6066282723137,39.5949894702167,2026-03-05T21:35:13.377882,América Latina,False
CL,Chile,2023,335518054097.637,0.521367977246825,17067.0364799154,7.58168251407962,9.013,30.8110620735322,29.9136616139086,2026-03-05T21:35:13.377882,América Latina,False
CO,Colombia,2000,99875074951.0278,2.92486148176778,2555.00751039968,9.22534818585366,20.52,15.915139715438,16.7519457538687,2026-03-05T21:35:13.377882,América Latina,True
CO,Colombia,2001,98200641203.3892,1.67789830787579,2472.99084035833,7.96556090304834,15.04,15.3871357665009,18.5139760284435,2026-03-05T21:35:13.377882,América Latina,True
CO,Colombia,2002,97945812802.8882,2.50398046659659,2428.92969771584,6.35150728778872,14.481,14.8155696775272,18.1670695368963,2026-03-05T21:35:13.377882,América Latina,True
CO,Colombia,2003,94644969157.0987,3.91827190322513,2311.94218760291,7.1297886294186,13.221,16.5752997117627,19.9408838054673,2026-03-05T21:35:13.377882,América Latina,True
CO,Colombia,2004,117092416666.245,5.33302206759905,2818.57195413044,5.90402005546502,13.717,16.7707514248023,19.0926755089972,2026-03-05T21:35:13.377882,América Latina,True
CO,Colombia,2005,145600529605.803,4.82876110773741,3456.06610874512,5.05101962689696,11.062,16.9710437391629,20.4516537557921,2026-03-05T21:35:13.377882,América Latina,True
CO,Colombia,2006,161792958904.864,6.71686869844402,3789.85361217027,4.29342363628927,11.088,17.7285877506525,21.9127682099768,2026-03-05T21:35:13.377882,América Latina,True
CO,Colombia,2007,206229540926.312,6.73819469090975,4769.926147194,5.54438485815156,11.204,16.4331421263646,20.6657549719257,2026-03-05T21:35:13.377882,América Latina,True
CO,Colombia,2008,242504150472.931,3.28344618616541,5541.83629665898,6.99688495554511,11.273,18.1095951350739,21.0580542813616,2026-03-05T21:35:13.377882,América Latina,True
CO,Colombia,2009,232468663109.595,1.13964864548062,5250.97292433518,4.20251661216482,12.066,16.4244956875755,18.731632819883,2026-03-05T21:35:13.377882,América Latina,True
CO,Colombia,2010,286498534094.963,4.49465897070922,6398.2958447102,2.27200227892008,11.153,16.3408447597691,17.923758408999,2026-03-05T21:35:13.377882,América Latina,True
CO,Colombia,2011,334966134804.887,6.94789198173555,7400.9940695669,3.4150334477625,10.288,19.2765050733171,20.1939184812196,2026-03-05T21:35:13.377882,América Latina,True
CO,Colombia,2012,370691143018.039,3.91263576716115,8108.59838244229,3.16930188840055,9.959,18.8112052836654,20.0239457350035,2026-03-05T21:35:13.377882,América Latina,True
CO,Colombia,2013,382093697077.685,5.13399351995672,8279.10255642981,2.01699224310383,9.246,18.0864397214368,19.9002090764088,2026-03-05T21:35:13.377882,América Latina,True
CO,Colombia,2014,381240864422.407,4.49903000110972,8187.20824890084,2.89883787761738,8.799,16.6347491096509,20.8527165314594,2026-03-05T21:35:13.377882,América Latina,True
CO,Colombia,2015,293492370193.166,2.95590137527523,6248.51490534512,4.9898311584953,8.572,15.6502115094968,22.7105526089485,2026-03-05T21:35:13.377882,América Latina,True
CO,Colombia,2016,282720100286.228,2.08738250162794,5959.84250367574,7.51346024627675,8.922,14.7171392781975,21.4855137060045,2026-03-05T21:35:13.377882,América Latina,True
CO,Colombia,2017,311866875156.879,1.35936086788746,6479.53231292429,4.31431325695011,9.086,15.1452897484005,20.1376251940583,2026-03-05T21:35:13.377882,América Latina,True
CO,Colombia,2018,334198218098.276,2.56432428277704,6816.96818309544,3.24056932930569,9.36,15.8997196775431,20.6350331193542,2026-03-05T21:35:13.377882,América Latina,True
CO,Colombia,2019,323031701192.84,3.18685539245533,6472.54544924705,3.52301932741447,10.28,15.8680386541241,21.6904953267149,2026-03-05T21:35:13.377882,América Latina,True
CO,Colombia,2020,270348342541.465,-7.18591413760859,5339.68711357943,2.52663500084706,15.983,13.5222755593302,20.5332954086799,2026-03-05T21:35:13.377882,América Latina,True
CO,Colombia,2021,318524633225.395,10.8011981904878,6222.62164397614,3.49505757399448,13.898,16.1970059548864,23.8621404387264,2026-03-05T21:35:13.377882,América Latina,True
CO,Colombia,2022,345632492851.448,7.32827729427979,6680.44506854481,10.1772313546166,10.541,20.3883679938331,27.8942871185028,2026-03-05T21:35:13.377882,América Latina,True
CO,Colombia,2023,366291836137.916,0.712380031974334,7000.83660501046,11.7359044948689,9.591,17.8316784070298,22.5564540863658,2026-03-05T21:35:13.377882,América Latina,True
MX,Mexico,2000,742061329749.127,5.02928399378261,7524.0271380091,9.49156149435403,2.646,24.2311734681303,25.6792357191195,2026-03-05T21:35:13.377882,América Latina,False
MX,Mexico,2001,796064590549.136,-0.450845253215945,7952.76479510706,6.36773806235037,2.627,21.5412102050357,23.1988988072816,2026-03-05T21:35:13.377882,América Latina,False
MX,Mexico,2002,810666116401.915,-0.236588001922641,7983.03398381759,5.03072733151295,3.003,21.8517619236376,23.3580673360145,2026-03-05T21:35:13.377882,América Latina,False
MX,Mexico,2003,765549967703.273,1.18554486709559,7434.0746485155,4.54690012118718,3.455,23.6555935090553,25.0448233717828,2026-03-05T21:35:13.377882,América Latina,False
MX,Mexico,2004,819459227375.022,3.56544100946846,7849.66759649565,4.68840884843143,3.937,25.1033560080055,26.9372640255577,2026-03-05T21:35:13.377882,América Latina,False
MX,Mexico,2005,917571853529.104,2.11324712586392,8671.75891885163,3.98805714597437,3.558,25.4870738285114,27.0755708232772,2026-03-05T21:35:13.377882,América Latina,False
MX,Mexico,2006,1020265057882.01,4.80501352746852,9512.63575346699,3.62946762439132,3.566,26.5547481705759,27.927367918041,2026-03-05T21:35:13.377882,América Latina,False
MX,Mexico,2007,1102355554971.95,2.07786393438754,10134.3327138119,3.96684905458235,3.628,26.7810613279257,28.4774630665241,2026-03-05T21:35:13.377882,América Latina,False
MX,Mexico,2008,1161553459715.1,0.943331863036903,10523.7685403244,5.12498274575896,3.874,27.0200612345202,29.3452206517371,2026-03-05T21:35:13.377882,América Latina,False
MX,Mexico,2009,943437415024.633,-6.29525055780502,8423.56933214711,5.29735584228856,5.356,26.5132697232887,28.0784724080616,2026-03-05T21:35:13.377882,América Latina,False
MX,Mexico,2010,1105424238731.09,4.9713345832195,9728.80078377082,4.15672722680174,5.303,29.0174601154993,30.2559244138859,2026-03-05T21:35:13.377882,América Latina,False
MX,Mexico,2011,1229013703416.76,3.44404505794418,10664.4944032313,3.40737824605742,5.175,30.4429662274867,31.7194210489631,2026-03-05T21:35:13.377882,América Latina,False
MX,Mexico,2012,1255110424817.79,3.55321075993527,10744.1335242686,4.11150981070289,4.892,31.539450391413,32.7184814985984,2026-03-05T21:35:13.377882,América Latina,False
MX,Mexico,2013,1327436290282.67,0.852101559410627,11216.8008505428,3.80639069747204,4.921,30.755800584349,31.9358741892317,2026-03-05T21:35:13.377882,América Latina,False
MX,Mexico,2014,1364507717614.13,2.50376350288664,11391.3773497683,4.01861608078679,4.819,31.462992199988,32.6354168351336,2026-03-05T21:35:13.377882,América Latina,False
MX,Mexico,2015,1213294467716.88,2.70232342550646,10021.2386118827,2.72064064964023,4.311,34.1627726873238,36.2502019889402,2026-03-05T21:35:13.377882,América Latina,False
MX,Mexico,2016,1112233497452.7,1.77249323845399,9097.92397674769,2.8217078474766,3.853,36.8156772514808,38.8746261573743,2026-03-05T21:35:13.377882,América Latina,False
MX,Mexico,2017,1190721475906.0,1.87172853327193,9649.27816772402,6.04145724018986,3.419,37.5140886198874,39.438037420838,2026-03-05T21:35:13.377882,América Latina,False
MX,Mexico,2018,1256300182879.73,1.97208209405635,10084.7937562021,4.89935015356551,3.275,39.0439304419331,41.1687312149645,2026-03-05T21:35:13.377882,América Latina,False
MX,Mexico,2019,1304106203902.45,-0.392690505066824,10369.5553585271,3.63596142127046,3.477,38.5296507920009,38.9323214651119,2026-03-05T21:35:13.377882,América Latina,False
MX,Mexico,2020,1121064767308.42,-8.35403458167995,8841.27075039868,3.39683415570006,4.44,39.2353720904115,37.6191836151901,2026-03-05T21:35:13.377882,América Latina,False
MX,Mexico,2021,1316569466685.95,6.0484834621255,10314.0506722115,5.68920847683753,4.019,40.5691932010194,42.5001044347701,2026-03-05T21:35:13.377882,América Latina,False
MX,Mexico,2022,1466934724293.06,3.70975709163623,11405.7940473759,7.8962761916855,3.256,42.9322902133702,45.8661953733484,2026-03-05T21:35:13.377882,América Latina,False
MX,Mexico,2023,1798317581486.88,3.35354140652768,13860.9597809326,5.52796087314389,2.765,36.0693951643755,37.509466472149,2026-03-05T21:35:13.377882,América Latina,False
PE,Peru,2000,51744749133.213,2.69437139806912,1945.41338451698,3.75733833344474,4.959,16.7683737208169,18.7696584415009,2026-03-05T21:35:13.377882,América Latina,False
PE,Peru,2001,52030158775.4055,0.617892325624297,1929.57273038846,1.97709878502053,5.068,16.6013795219337,18.4630219090874,2026-03-05T21:35:13.377882,América Latina,False
PE,Peru,2002,54777553515.0809,5.45352893818767,2007.37019626753,0.193135003853722,4.84,17.2748078529874,17.9743734787821,2026-03-05T21:35:13.377882,América Latina,False
PE,Peru,2003,58731030121.8671,4.16502313666112,2129.44114197634,2.25937753363072,4.15,19.0146669472489,18.6099433778513,2026-03-05T21:35:13.377882,América Latina,False
PE,Peru,2004,66768703497.5687,4.95820320611745,2397.25147277714,3.66247320092233,4.71,22.91223375085,19.0238445170772,2026-03-05T21:35:13.377882,América Latina,False
PE,Peru,2005,76060606060.6061,6.28506032509601,2706.66947297608,1.61630193862544,4.87,26.8487611117093,20.5085563651301,2026-03-05T21:35:13.377882,América Latina,False
PE,Peru,2006,88643193061.748,7.5288990440594,3129.55996496982,2.00225801248819,4.17,30.536636453521,21.2484195803232,2026-03-05T21:35:13.377882,América Latina,False
PE,Peru,2007,102170981144.136,8.5183877690955,3581.0893081917,1.77998644680372,4.08,31.5221165305465,24.165996753135,2026-03-05T21:35:13.377882,América Latina,False
PE,Peru,2008,120550599815.441,9.1265683014642,4197.58444634142,5.78587598206755,4.03,29.7276302098838,28.7061371800215,2026-03-05T21:35:13.377882,América Latina,False
PE,Peru,2009,120822986521.479,1.0958236592427,4181.18755462253,2.936231535967,3.96,26.4420527390278,21.669876876324,2026-03-05T21:35:13.377882,América Latina,False
PE,Peru,2010,147527631520.729,8.33245910749577,5072.11494019615,1.52832059732901,3.6,27.8261641521747,23.8466447848286,2026-03-05T21:35:13.377882,América Latina,False
PE,Peru,2011,171761737046.585,6.32719240161117,5861.35793645245,3.36931095333853,3.477,30.5027597563889,25.4855205274718,2026-03-05T21:35:13.377882,América Latina,False
PE,Peru,2012,192650021648.583,6.13972470560435,6519.37852981527,3.61121294940163,3.238,27.4496143710972,25.1702808921321,2026-03-05T21:35:13.377882,América Latina,False
PE,Peru,2013,201175543571.392,5.85251821084928,6746.80025696601,2.76789666082002,3.575,24.8082994208508,24.9788430262935,2026-03-05T21:35:13.377882,América Latina,False
PE,Peru,2014,200786250582.943,2.38215737180541,6667.13410360861,3.41194579807465,3.208,22.6069703758151,24.2461507154749,2026-03-05T21:35:13.377882,América Latina,False
PE,Peru,2015,189802976285.619,3.25224477218451,6231.71150338894,3.39809194746308,3.272,21.2873252858958,23.875443403219,2026-03-05T21:35:13.377882,América Latina,False
PE,Peru,2016,191898104390.379,3.95331871520767,6217.03599995447,3.55717663556279,3.741,22.6003137409908,22.7885274554247,2026-03-05T21:35:13.377882,América Latina,False
PE,Peru,2017,211007984080.911,2.51883544233135,6736.16693725487,2.99490045809443,3.691,24.7198719746973,22.7936783872998,2026-03-05T21:35:13.377882,América Latina,False
PE,Peru,2018,222597009739.235,3.969351341365,6978.49121548627,1.50915423024742,3.492,25.1921846722472,23.4392854994888,2026-03-05T21:35:13.377882,América Latina,False
PE,Peru,2019,228346006003.648,2.24063176875049,7037.00803692604,2.25212191358027,3.379,24.0390874349068,22.9044179405342,2026-03-05T21:35:13.377882,América Latina,False
PE,Peru,2020,201409694755.934,-10.9333065010382,6133.32552410183,2.00241205759292,7.179,23.0114431429931,21.2345240547509,2026-03-05T21:35:13.377882,América Latina,False
PE,Peru,2021,226328766459.634,13.3626240903125,6826.20255614477,4.27166381536798,5.097,29.2358595939113,26.1913897716107,2026-03-05T21:35:13.377882,América Latina,False
PE,Peru,2022,246065570308.155,2.8090335533015,7350.63034300417,8.33370630096231,4.291,28.8318607701975,28.4651151947746,2026-03-05T21:35:13.377882,América Latina,False
PE,Peru,2023,266958720837.988,-0.403242151494268,7887.54185920108,6.45561348369586,4.899,27.1353058241207,23.6498783827457,2026-03-05T21:35:13.377882,América Latina,False
US,United States,2000,10250947997000.0,4.07758575682804,36329.9560727102,3.37685727149929,3.992,10.6927769053241,14.4102184542572,2026-03-05T21:35:13.377882,Referencia,False
US,United States,2001,10581929774000.0,0.955538348341605,37133.623113437,2.82617111885407,4.731,9.70344749898923,13.2637338366067,2026-03-05T21:35:13.377882,Referencia,False
US,United States,2002,10929112955000.0,1.70044732643726,37997.7596573051,1.58603162650601,5.783,9.131381513844,13.1549925956457,2026-03-05T21:35:13.377882,Referencia,False
US,United States,2003,11456442041000.0,2.79560596320081,39490.2749557007,2.27009497336115,5.989,9.03565868264667,13.5916543236323,2026-03-05T21:35:13.377882,Referencia,False
US,United States,2004,12217193198000.0,3.84777169556921,41724.6316287624,2.67723669309172,5.529,9.62875008142275,14.8193121829029,2026-03-05T21:35:13.377882,Referencia,False
US,United States,2005,13039199193000.0,3.48354993555606,44123.4070679055,3.3927468454955,5.084,9.98205473154167,15.65649830011,2026-03-05T21:35:13.377882,Referencia,False
US,United States,2006,13815586948000.0,2.78453963650701,46302.0008800056,3.22594410070404,4.623,10.641386468295,16.3338916290247,2026-03-05T21:35:13.377882,Referencia,False
US,United States,2007,14474226905000.0,2.00385829784946,48050.2237771135,2.85267248150138,4.622,11.4637901622698,16.5482275199969,2026-03-05T21:35:13.377882,Referencia,False
US,United States,2008,14769857911000.0,0.113587249881704,48570.0459804586,3.839100296651,5.784,12.4258473646734,17.4419484298585,2026-03-05T21:35:13.377882,Referencia,False
US,United States,2009,14478064934000.0,-2.57650022958367,47194.9433547336,-0.355546266299747,9.254,10.9322206193664,13.8273105496213,2026-03-05T21:35:13.377882,Referencia,False
US,United States,2010,15048964444000.0,2.69519257744442,48642.6100179312,1.6400434423899,9.633,12.3413608086534,15.8785344260197,2026-03-05T21:35:13.377882,Referencia,False
US,United States,2011,15599728123000.0,1.56440685763506,50024.868799398,3.156841568622,8.949,13.5634671535102,17.2790190876841,2026-03-05T21:35:13.377882,Referencia,False
US,United States,2012,16253972230000.0,2.28911338669843,51708.4011556577,2.06933726526067,8.069,13.6440493967794,17.0377859689502,2026-03-05T21:35:13.377882,Referencia,False
US,United States,2013,16843190993000.0,2.11783009790057,53179.0127634561,1.46483265562717,7.375,13.5836612014366,16.4242927670279,2026-03-05T21:35:13.377882,Referencia,False
US,United States,2014,17550680174000.0,2.52381981363968,54973.4207515712,1.62222297740817,6.168,13.5524377198989,16.4520404415866,2026-03-05T21:35:13.377882,Referencia,False
US,United States,2015,18206020741000.0,2.94555045484053,56572.9188996063,0.118627135552451,5.28,12.4718192531032,15.351745665684,2026-03-05T21:35:13.377882,Referencia,False
US,United States,2016,18695110842000.0,1.81945147788167,57638.1018367192,1.26158320570536,4.869,11.957982056879,14.6499800035794,2026-03-05T21:35:13.377882,Referencia,False
US,United States,2017,19477336549000.0,2.45762229852507,59635.0984397965,2.13011000365961,4.355,12.2617381180006,15.0512827697199,2026-03-05T21:35:13.377882,Referencia,False
US,United States,2018,20533057312000.0,2.96650506901305,62499.8744390068,2.44258329692817,3.896,12.3609892157496,15.2493900563462,2026-03-05T21:35:13.377882,Referencia,False
US,United States,2019,21380976119000.0,2.58382533412825,64746.4506778863,1.81221007526021,3.669,11.8768712235892,14.5768882704583,2026-03-05T21:35:13.377882,Referencia,False
US,United States,2020,21060473613000.0,-2.16302914036166,63515.9491807833,1.23358439630629,8.055,10.2141055302392,13.1874574667002,2026-03-05T21:35:13.377882,Referencia,False
US,United States,2021,23315080560000.0,6.05505293244555,70205.050916026,4.69785886363742,5.349,10.9604167715559,14.6491408906374,2026-03-05T21:35:13.377882,Referencia,False
US,United States,2022,25604848907611.0,2.51237531986017,76657.2488844403,8.00279982052121,3.65,11.7844046293243,15.529535106212,2026-03-05T21:35:13.377882,Referencia,False
US,United States,2023,27292170793214.4,2.88755600749487,81032.262117545,4.11633838374488,3.638,11.1844126402687,14.1059171480679,2026-03-05T21:35:13.377882,Referencia,False
